Workbook

Sheet Theo nhom SP (7-30-90d)
A1: Ads Shopee theo NHOM san pham - 3 khung thoi gian (7 / 30 / 90 ngay)
A2: ROAS sau phi = ROAS x (1 - Phi san %) - dung de chon NEN CHAY ADS O SHOP NAO cho tung nhom san pham (COGS nhu nhau o 2 shop nen khong anh huong quyet dinh). Dong TONG cuoi moi khung = ROAS blended toan bo ads shop do, khong chi 5 nhom liet ke.
A4: KHUNG 7 NGÀY (2026-07-01 -> 2026-07-07)
A5: Nhom san pham | B5: GOC HUONG THOM | F5: THE ART OF SCENT | J5: Khuyen nghi
B6: Chi phi | C6: Doanh so | D6: ROAS | E6: ROAS sau phi | F6: Chi phi | G6: Doanh so | H6: ROAS | I6: ROAS sau phi
A7: Nước Hoa | B7: =SUMIFS('Raw Data - Nhóm SP'!$E:$E,'Raw Data - Nhóm SP'!$C:$C,"Nước Hoa",'Raw Data - Nhóm SP'!$B:$B,"Aroma Story - Góc Hương Thơm",'Raw Data - Nhóm SP'!$A:$A,">="&DATE(2026,7,1),'Raw Data - Nhóm SP'!$A:$A,"<="&DATE(2026,7,7)) -> 782357 | C7: =SUMIFS('Raw Data - Nhóm SP'!$F:$F,'Raw Data - Nhóm SP'!$C:$C,"Nước Hoa",'Raw Data - Nhóm SP'!$B:$B,"Aroma Story - Góc Hương Thơm",'Raw Data - Nhóm SP'!$A:$A,">="&DATE(2026,7,1),'Raw Data - Nhóm SP'!$A:$A,"<="&DATE(2026,7,7)) -> 3028989 | D7: =IF(B7=0,0,C7/B7) -> 3.87162 | E7: =IF(B7=0,0,D7*(1-'Phí sàn theo shop'!$D$2)) -> 2.9563142 | F7: =SUMIFS('Raw Data - Nhóm SP'!$E:$E,'Raw Data - Nhóm SP'!$C:$C,"Nước Hoa",'Raw Data - Nhóm SP'!$B:$B,"Aroma Story - The Art Of Scent",'Raw Data - Nhóm SP'!$A:$A,">="&DATE(2026,7,1),'Raw Data - Nhóm SP'!$A:$A,"<="&DATE(2026,7,7)) -> 350698 | G7: =SUMIFS('Raw Data - Nhóm SP'!$F:$F,'Raw Data - Nhóm SP'!$C:$C,"Nước Hoa",'Raw Data - Nhóm SP'!$B:$B,"Aroma Story - The Art Of Scent",'Raw Data - Nhóm SP'!$A:$A,">="&DATE(2026,7,1),'Raw Data - Nhóm SP'!$A:$A,"<="&DATE(2026,7,7)) -> 590000 | H7: =IF(F7=0,0,G7/F7) -> 1.6823592 | I7: =IF(F7=0,0,H7*(1-'Phí sàn theo shop'!$D$3)) -> 1.1593287 | J7: =IF(OR(B7=0,F7=0),IF(B7=0,"Chỉ TAOS có data",IF(F7=0,"Chỉ GHT có data","-")),IF(ABS(E7-I7)/MAX(E7,I7)<0.03,"Ngang nhau -> uu tien GHT",IF(E7>I7,"Don ve GHT","Don ve TAOS"))) -> Don ve GHT
A8: Nến Thơm | B8: =SUMIFS('Raw Data - Nhóm SP'!$E:$E,'Raw Data - Nhóm SP'!$C:$C,"Nến Thơm",'Raw Data - Nhóm SP'!$B:$B,"Aroma Story - Góc Hương Thơm",'Raw Data - Nhóm SP'!$A:$A,">="&DATE(2026,7,1),'Raw Data - Nhóm SP'!$A:$A,"<="&DATE(2026,7,7)) -> 3296184 | C8: =SUMIFS('Raw Data - Nhóm SP'!$F:$F,'Raw Data - Nhóm SP'!$C:$C,"Nến Thơm",'Raw Data - Nhóm SP'!$B:$B,"Aroma Story - Góc Hương Thơm",'Raw Data - Nhóm SP'!$A:$A,">="&DATE(2026,7,1),'Raw Data - Nhóm SP'!$A:$A,"<="&DATE(2026,7,7)) -> 14557119 | D8: =IF(B8=0,0,C8/B8) -> 4.4163551 | E8: =IF(B8=0,0,D8*(1-'Phí sàn theo shop'!$D$2)) -> 3.3722662 | F8: =SUMIFS('Raw Data - Nhóm SP'!$E:$E,'Raw Data - Nhóm SP'!$C:$C,"Nến Thơm",'Raw Data - Nhóm SP'!$B:$B,"Aroma Story - The Art Of Scent",'Raw Data - Nhóm SP'!$A:$A,">="&DATE(2026,7,1),'Raw Data - Nhóm SP'!$A:$A,"<="&DATE(2026,7,7)) -> 7547659 | G8: =SUMIFS('Raw Data - Nhóm SP'!$F:$F,'Raw Data - Nhóm SP'!$C:$C,"Nến Thơm",'Raw Data - Nhóm SP'!$B:$B,"Aroma Story - The Art Of Scent",'Raw Data - Nhóm SP'!$A:$A,">="&DATE(2026,7,1),'Raw Data - Nhóm SP'!$A:$A,"<="&DATE(2026,7,7)) -> 40545860 | H8: =IF(F8=0,0,G8/F8) -> 5.3719783 | I8: =IF(F8=0,0,H8*(1-'Phí sàn theo shop'!$D$3)) -> 3.701878 | J8: =IF(OR(B8=0,F8=0),IF(B8=0,"Chỉ TAOS có data",IF(F8=0,"Chỉ GHT có data","-")),IF(ABS(E8-I8)/MAX(E8,I8)<0.03,"Ngang nhau -> uu tien GHT",IF(E8>I8,"Don ve GHT","Don ve TAOS"))) -> Don ve TAOS
A9: Tinh Dầu Khuếch Tán | B9: =SUMIFS('Raw Data - Nhóm SP'!$E:$E,'Raw Data - Nhóm SP'!$C:$C,"Tinh Dầu Khuếch Tán",'Raw Data - Nhóm SP'!$B:$B,"Aroma Story - Góc Hương Thơm",'Raw Data - Nhóm SP'!$A:$A,">="&DATE(2026,7,1),'Raw Data - Nhóm SP'!$A:$A,"<="&DATE(2026,7,7)) -> 3466476 | C9: =SUMIFS('Raw Data - Nhóm SP'!$F:$F,'Raw Data - Nhóm SP'!$C:$C,"Tinh Dầu Khuếch Tán",'Raw Data - Nhóm SP'!$B:$B,"Aroma Story - Góc Hương Thơm",'Raw Data - Nhóm SP'!$A:$A,">="&DATE(2026,7,1),'Raw Data - Nhóm SP'!$A:$A,"<="&DATE(2026,7,7)) -> 18822714 | D9: =IF(B9=0,0,C9/B9) -> 5.4299277 | E9: =IF(B9=0,0,D9*(1-'Phí sàn theo shop'!$D$2)) -> 4.1462159 | F9: =SUMIFS('Raw Data - Nhóm SP'!$E:$E,'Raw Data - Nhóm SP'!$C:$C,"Tinh Dầu Khuếch Tán",'Raw Data - Nhóm SP'!$B:$B,"Aroma Story - The Art Of Scent",'Raw Data - Nhóm SP'!$A:$A,">="&DATE(2026,7,1),'Raw Data - Nhóm SP'!$A:$A,"<="&DATE(2026,7,7)) -> 5329350 | G9: =SUMIFS('Raw Data - Nhóm SP'!$F:$F,'Raw Data - Nhóm SP'!$C:$C,"Tinh Dầu Khuếch Tán",'Raw Data - Nhóm SP'!$B:$B,"Aroma Story - The Art Of Scent",'Raw Data - Nhóm SP'!$A:$A,">="&DATE(2026,7,1),'Raw Data - Nhóm SP'!$A:$A,"<="&DATE(2026,7,7)) -> 28523558 | H9: =IF(F9=0,0,G9/F9) -> 5.3521645 | I9: =IF(F9=0,0,H9*(1-'Phí sàn theo shop'!$D$3)) -> 3.6882242 | J9: =IF(OR(B9=0,F9=0),IF(B9=0,"Chỉ TAOS có data",IF(F9=0,"Chỉ GHT có data","-")),IF(ABS(E9-I9)/MAX(E9,I9)<0.03,"Ngang nhau -> uu tien GHT",IF(E9>I9,"Don ve GHT","Don ve TAOS"))) -> Don ve GHT
A10: Tinh Dầu 10ml (Nguyên Chất) | B10: =SUMIFS('Raw Data - Nhóm SP'!$E:$E,'Raw Data - Nhóm SP'!$C:$C,"Tinh Dầu 10ml (Nguyên Chất)",'Raw Data - Nhóm SP'!$B:$B,"Aroma Story - Góc Hương Thơm",'Raw Data - Nhóm SP'!$A:$A,">="&DATE(2026,7,1),'Raw Data - Nhóm SP'!$A:$A,"<="&DATE(2026,7,7)) -> 0 | C10: =SUMIFS('Raw Data - Nhóm SP'!$F:$F,'Raw Data - Nhóm SP'!$C:$C,"Tinh Dầu 10ml (Nguyên Chất)",'Raw Data - Nhóm SP'!$B:$B,"Aroma Story - Góc Hương Thơm",'Raw Data - Nhóm SP'!$A:$A,">="&DATE(2026,7,1),'Raw Data - Nhóm SP'!$A:$A,"<="&DATE(2026,7,7)) -> 0 | D10: =IF(B10=0,0,C10/B10) -> 0 | E10: =IF(B10=0,0,D10*(1-'Phí sàn theo shop'!$D$2)) -> 0 | F10: =SUMIFS('Raw Data - Nhóm SP'!$E:$E,'Raw Data - Nhóm SP'!$C:$C,"Tinh Dầu 10ml (Nguyên Chất)",'Raw Data - Nhóm SP'!$B:$B,"Aroma Story - The Art Of Scent",'Raw Data - Nhóm SP'!$A:$A,">="&DATE(2026,7,1),'Raw Data - Nhóm SP'!$A:$A,"<="&DATE(2026,7,7)) -> 1499031 | G10: =SUMIFS('Raw Data - Nhóm SP'!$F:$F,'Raw Data - Nhóm SP'!$C:$C,"Tinh Dầu 10ml (Nguyên Chất)",'Raw Data - Nhóm SP'!$B:$B,"Aroma Story - The Art Of Scent",'Raw Data - Nhóm SP'!$A:$A,">="&DATE(2026,7,1),'Raw Data - Nhóm SP'!$A:$A,"<="&DATE(2026,7,7)) -> 7882682 | H10: =IF(F10=0,0,G10/F10) -> 5.2585183 | I10: =IF(F10=0,0,H10*(1-'Phí sàn theo shop'!$D$3)) -> 3.6236918 | J10: =IF(OR(B10=0,F10=0),IF(B10=0,"Chỉ TAOS có data",IF(F10=0,"Chỉ GHT có data","-")),IF(ABS(E10-I10)/MAX(E10,I10)<0.03,"Ngang nhau -> uu tien GHT",IF(E10>I10,"Don ve GHT","Don ve TAOS"))) -> Chỉ TAOS có data
A11: Xịt Thơm Phòng | B11: =SUMIFS('Raw Data - Nhóm SP'!$E:$E,'Raw Data - Nhóm SP'!$C:$C,"Xịt Thơm Phòng",'Raw Data - Nhóm SP'!$B:$B,"Aroma Story - Góc Hương Thơm",'Raw Data - Nhóm SP'!$A:$A,">="&DATE(2026,7,1),'Raw Data - Nhóm SP'!$A:$A,"<="&DATE(2026,7,7)) -> 428046 | C11: =SUMIFS('Raw Data - Nhóm SP'!$F:$F,'Raw Data - Nhóm SP'!$C:$C,"Xịt Thơm Phòng",'Raw Data - Nhóm SP'!$B:$B,"Aroma Story - Góc Hương Thơm",'Raw Data - Nhóm SP'!$A:$A,">="&DATE(2026,7,1),'Raw Data - Nhóm SP'!$A:$A,"<="&DATE(2026,7,7)) -> 1888743 | D11: =IF(B11=0,0,C11/B11) -> 4.4124767 | E11: =IF(B11=0,0,D11*(1-'Phí sàn theo shop'!$D$2)) -> 3.3693047 | F11: =SUMIFS('Raw Data - Nhóm SP'!$E:$E,'Raw Data - Nhóm SP'!$C:$C,"Xịt Thơm Phòng",'Raw Data - Nhóm SP'!$B:$B,"Aroma Story - The Art Of Scent",'Raw Data - Nhóm SP'!$A:$A,">="&DATE(2026,7,1),'Raw Data - Nhóm SP'!$A:$A,"<="&DATE(2026,7,7)) -> 0 | G11: =SUMIFS('Raw Data - Nhóm SP'!$F:$F,'Raw Data - Nhóm SP'!$C:$C,"Xịt Thơm Phòng",'Raw Data - Nhóm SP'!$B:$B,"Aroma Story - The Art Of Scent",'Raw Data - Nhóm SP'!$A:$A,">="&DATE(2026,7,1),'Raw Data - Nhóm SP'!$A:$A,"<="&DATE(2026,7,7)) -> 0 | H11: =IF(F11=0,0,G11/F11) -> 0 | I11: =IF(F11=0,0,H11*(1-'Phí sàn theo shop'!$D$3)) -> 0 | J11: =IF(OR(B11=0,F11=0),IF(B11=0,"Chỉ TAOS có data",IF(F11=0,"Chỉ GHT có data","-")),IF(ABS(E11-I11)/MAX(E11,I11)<0.03,"Ngang nhau -> uu tien GHT",IF(E11>I11,"Don ve GHT","Don ve TAOS"))) -> Chỉ GHT có data
A12: Set Quà / Combo | B12: =SUMIFS('Raw Data - Nhóm SP'!$E:$E,'Raw Data - Nhóm SP'!$C:$C,"Set Quà / Combo",'Raw Data - Nhóm SP'!$B:$B,"Aroma Story - Góc Hương Thơm",'Raw Data - Nhóm SP'!$A:$A,">="&DATE(2026,7,1),'Raw Data - Nhóm SP'!$A:$A,"<="&DATE(2026,7,7)) -> 1290203 | C12: =SUMIFS('Raw Data - Nhóm SP'!$F:$F,'Raw Data - Nhóm SP'!$C:$C,"Set Quà / Combo",'Raw Data - Nhóm SP'!$B:$B,"Aroma Story - Góc Hương Thơm",'Raw Data - Nhóm SP'!$A:$A,">="&DATE(2026,7,1),'Raw Data - Nhóm SP'!$A:$A,"<="&DATE(2026,7,7)) -> 5940309 | D12: =IF(B12=0,0,C12/B12) -> 4.6041662 | E12: =IF(B12=0,0,D12*(1-'Phí sàn theo shop'!$D$2)) -> 3.5156761 | F12: =SUMIFS('Raw Data - Nhóm SP'!$E:$E,'Raw Data - Nhóm SP'!$C:$C,"Set Quà / Combo",'Raw Data - Nhóm SP'!$B:$B,"Aroma Story - The Art Of Scent",'Raw Data - Nhóm SP'!$A:$A,">="&DATE(2026,7,1),'Raw Data - Nhóm SP'!$A:$A,"<="&DATE(2026,7,7)) -> 0 | G12: =SUMIFS('Raw Data - Nhóm SP'!$F:$F,'Raw Data - Nhóm SP'!$C:$C,"Set Quà / Combo",'Raw Data - Nhóm SP'!$B:$B,"Aroma Story - The Art Of Scent",'Raw Data - Nhóm SP'!$A:$A,">="&DATE(2026,7,1),'Raw Data - Nhóm SP'!$A:$A,"<="&DATE(2026,7,7)) -> 0 | H12: =IF(F12=0,0,G12/F12) -> 0 | I12: =IF(F12=0,0,H12*(1-'Phí sàn theo shop'!$D$3)) -> 0 | J12: =IF(OR(B12=0,F12=0),IF(B12=0,"Chỉ TAOS có data",IF(F12=0,"Chỉ GHT có data","-")),IF(ABS(E12-I12)/MAX(E12,I12)<0.03,"Ngang nhau -> uu tien GHT",IF(E12>I12,"Don ve GHT","Don ve TAOS"))) -> Chỉ GHT có data
A13: TONG - TAT CA ADS (blended) | B13: =SUMIFS('Raw Data - Nhóm SP'!$E:$E,'Raw Data - Nhóm SP'!$B:$B,"Aroma Story - Góc Hương Thơm",'Raw Data - Nhóm SP'!$A:$A,">="&DATE(2026,7,1),'Raw Data - Nhóm SP'!$A:$A,"<="&DATE(2026,7,7)) -> 9263266 | C13: =SUMIFS('Raw Data - Nhóm SP'!$F:$F,'Raw Data - Nhóm SP'!$B:$B,"Aroma Story - Góc Hương Thơm",'Raw Data - Nhóm SP'!$A:$A,">="&DATE(2026,7,1),'Raw Data - Nhóm SP'!$A:$A,"<="&DATE(2026,7,7)) -> 44237874 | D13: =IF(B13=0,0,C13/B13) -> 4.7756238 | E13: =IF(B13=0,0,D13*(1-'Phí sàn theo shop'!$D$2)) -> 3.6465987 | F13: =SUMIFS('Raw Data - Nhóm SP'!$E:$E,'Raw Data - Nhóm SP'!$B:$B,"Aroma Story - The Art Of Scent",'Raw Data - Nhóm SP'!$A:$A,">="&DATE(2026,7,1),'Raw Data - Nhóm SP'!$A:$A,"<="&DATE(2026,7,7)) -> 14726738 | G13: =SUMIFS('Raw Data - Nhóm SP'!$F:$F,'Raw Data - Nhóm SP'!$B:$B,"Aroma Story - The Art Of Scent",'Raw Data - Nhóm SP'!$A:$A,">="&DATE(2026,7,1),'Raw Data - Nhóm SP'!$A:$A,"<="&DATE(2026,7,7)) -> 77542100 | H13: =IF(F13=0,0,G13/F13) -> 5.2653955 | I13: =IF(F13=0,0,H13*(1-'Phí sàn theo shop'!$D$3)) -> 3.6284309
A15: KHUNG 30 NGÀY (2026-06-08 -> 2026-07-07)
A16: Nhom san pham | B16: GOC HUONG THOM | F16: THE ART OF SCENT | J16: Khuyen nghi
B17: Chi phi | C17: Doanh so | D17: ROAS | E17: ROAS sau phi | F17: Chi phi | G17: Doanh so | H17: ROAS | I17: ROAS sau phi
A18: Nước Hoa | B18: =SUMIFS('Raw Data - Nhóm SP'!$E:$E,'Raw Data - Nhóm SP'!$C:$C,"Nước Hoa",'Raw Data - Nhóm SP'!$B:$B,"Aroma Story - Góc Hương Thơm",'Raw Data - Nhóm SP'!$A:$A,">="&DATE(2026,6,8),'Raw Data - Nhóm SP'!$A:$A,"<="&DATE(2026,7,7)) -> 4018664 | C18: =SUMIFS('Raw Data - Nhóm SP'!$F:$F,'Raw Data - Nhóm SP'!$C:$C,"Nước Hoa",'Raw Data - Nhóm SP'!$B:$B,"Aroma Story - Góc Hương Thơm",'Raw Data - Nhóm SP'!$A:$A,">="&DATE(2026,6,8),'Raw Data - Nhóm SP'!$A:$A,"<="&DATE(2026,7,7)) -> 14269230 | D18: =IF(B18=0,0,C18/B18) -> 3.5507397 | E18: =IF(B18=0,0,D18*(1-'Phí sàn theo shop'!$D$2)) -> 2.7112946 | F18: =SUMIFS('Raw Data - Nhóm SP'!$E:$E,'Raw Data - Nhóm SP'!$C:$C,"Nước Hoa",'Raw Data - Nhóm SP'!$B:$B,"Aroma Story - The Art Of Scent",'Raw Data - Nhóm SP'!$A:$A,">="&DATE(2026,6,8),'Raw Data - Nhóm SP'!$A:$A,"<="&DATE(2026,7,7)) -> 2036764 | G18: =SUMIFS('Raw Data - Nhóm SP'!$F:$F,'Raw Data - Nhóm SP'!$C:$C,"Nước Hoa",'Raw Data - Nhóm SP'!$B:$B,"Aroma Story - The Art Of Scent",'Raw Data - Nhóm SP'!$A:$A,">="&DATE(2026,6,8),'Raw Data - Nhóm SP'!$A:$A,"<="&DATE(2026,7,7)) -> 8499300 | H18: =IF(F18=0,0,G18/F18) -> 4.172943 | I18: =IF(F18=0,0,H18*(1-'Phí sàn theo shop'!$D$3)) -> 2.8756121 | J18: =IF(OR(B18=0,F18=0),IF(B18=0,"Chỉ TAOS có data",IF(F18=0,"Chỉ GHT có data","-")),IF(ABS(E18-I18)/MAX(E18,I18)<0.03,"Ngang nhau -> uu tien GHT",IF(E18>I18,"Don ve GHT","Don ve TAOS"))) -> Don ve TAOS
A19: Nến Thơm | B19: =SUMIFS('Raw Data - Nhóm SP'!$E:$E,'Raw Data - Nhóm SP'!$C:$C,"Nến Thơm",'Raw Data - Nhóm SP'!$B:$B,"Aroma Story - Góc Hương Thơm",'Raw Data - Nhóm SP'!$A:$A,">="&DATE(2026,6,8),'Raw Data - Nhóm SP'!$A:$A,"<="&DATE(2026,7,7)) -> 13626617 | C19: =SUMIFS('Raw Data - Nhóm SP'!$F:$F,'Raw Data - Nhóm SP'!$C:$C,"Nến Thơm",'Raw Data - Nhóm SP'!$B:$B,"Aroma Story - Góc Hương Thơm",'Raw Data - Nhóm SP'!$A:$A,">="&DATE(2026,6,8),'Raw Data - Nhóm SP'!$A:$A,"<="&DATE(2026,7,7)) -> 60305826 | D19: =IF(B19=0,0,C19/B19) -> 4.4255904 | E19: =IF(B19=0,0,D19*(1-'Phí sàn theo shop'!$D$2)) -> 3.3793182 | F19: =SUMIFS('Raw Data - Nhóm SP'!$E:$E,'Raw Data - Nhóm SP'!$C:$C,"Nến Thơm",'Raw Data - Nhóm SP'!$B:$B,"Aroma Story - The Art Of Scent",'Raw Data - Nhóm SP'!$A:$A,">="&DATE(2026,6,8),'Raw Data - Nhóm SP'!$A:$A,"<="&DATE(2026,7,7)) -> 35634729 | G19: =SUMIFS('Raw Data - Nhóm SP'!$F:$F,'Raw Data - Nhóm SP'!$C:$C,"Nến Thơm",'Raw Data - Nhóm SP'!$B:$B,"Aroma Story - The Art Of Scent",'Raw Data - Nhóm SP'!$A:$A,">="&DATE(2026,6,8),'Raw Data - Nhóm SP'!$A:$A,"<="&DATE(2026,7,7)) -> 185748827 | H19: =IF(F19=0,0,G19/F19) -> 5.2125786 | I19: =IF(F19=0,0,H19*(1-'Phí sàn theo shop'!$D$3)) -> 3.5920343 | J19: =IF(OR(B19=0,F19=0),IF(B19=0,"Chỉ TAOS có data",IF(F19=0,"Chỉ GHT có data","-")),IF(ABS(E19-I19)/MAX(E19,I19)<0.03,"Ngang nhau -> uu tien GHT",IF(E19>I19,"Don ve GHT","Don ve TAOS"))) -> Don ve TAOS
A20: Tinh Dầu Khuếch Tán | B20: =SUMIFS('Raw Data - Nhóm SP'!$E:$E,'Raw Data - Nhóm SP'!$C:$C,"Tinh Dầu Khuếch Tán",'Raw Data - Nhóm SP'!$B:$B,"Aroma Story - Góc Hương Thơm",'Raw Data - Nhóm SP'!$A:$A,">="&DATE(2026,6,8),'Raw Data - Nhóm SP'!$A:$A,"<="&DATE(2026,7,7)) -> 17872737 | C20: =SUMIFS('Raw Data - Nhóm SP'!$F:$F,'Raw Data - Nhóm SP'!$C:$C,"Tinh Dầu Khuếch Tán",'Raw Data - Nhóm SP'!$B:$B,"Aroma Story - Góc Hương Thơm",'Raw Data - Nhóm SP'!$A:$A,">="&DATE(2026,6,8),'Raw Data - Nhóm SP'!$A:$A,"<="&DATE(2026,7,7)) -> 90999268 | D20: =IF(B20=0,0,C20/B20) -> 5.0915127 | E20: =IF(B20=0,0,D20*(1-'Phí sàn theo shop'!$D$2)) -> 3.887807 | F20: =SUMIFS('Raw Data - Nhóm SP'!$E:$E,'Raw Data - Nhóm SP'!$C:$C,"Tinh Dầu Khuếch Tán",'Raw Data - Nhóm SP'!$B:$B,"Aroma Story - The Art Of Scent",'Raw Data - Nhóm SP'!$A:$A,">="&DATE(2026,6,8),'Raw Data - Nhóm SP'!$A:$A,"<="&DATE(2026,7,7)) -> 21682193 | G20: =SUMIFS('Raw Data - Nhóm SP'!$F:$F,'Raw Data - Nhóm SP'!$C:$C,"Tinh Dầu Khuếch Tán",'Raw Data - Nhóm SP'!$B:$B,"Aroma Story - The Art Of Scent",'Raw Data - Nhóm SP'!$A:$A,">="&DATE(2026,6,8),'Raw Data - Nhóm SP'!$A:$A,"<="&DATE(2026,7,7)) -> 114868057 | H20: =IF(F20=0,0,G20/F20) -> 5.2978062 | I20: =IF(F20=0,0,H20*(1-'Phí sàn theo shop'!$D$3)) -> 3.6507654 | J20: =IF(OR(B20=0,F20=0),IF(B20=0,"Chỉ TAOS có data",IF(F20=0,"Chỉ GHT có data","-")),IF(ABS(E20-I20)/MAX(E20,I20)<0.03,"Ngang nhau -> uu tien GHT",IF(E20>I20,"Don ve GHT","Don ve TAOS"))) -> Don ve GHT
A21: Tinh Dầu 10ml (Nguyên Chất) | B21: =SUMIFS('Raw Data - Nhóm SP'!$E:$E,'Raw Data - Nhóm SP'!$C:$C,"Tinh Dầu 10ml (Nguyên Chất)",'Raw Data - Nhóm SP'!$B:$B,"Aroma Story - Góc Hương Thơm",'Raw Data - Nhóm SP'!$A:$A,">="&DATE(2026,6,8),'Raw Data - Nhóm SP'!$A:$A,"<="&DATE(2026,7,7)) -> 565486 | C21: =SUMIFS('Raw Data - Nhóm SP'!$F:$F,'Raw Data - Nhóm SP'!$C:$C,"Tinh Dầu 10ml (Nguyên Chất)",'Raw Data - Nhóm SP'!$B:$B,"Aroma Story - Góc Hương Thơm",'Raw Data - Nhóm SP'!$A:$A,">="&DATE(2026,6,8),'Raw Data - Nhóm SP'!$A:$A,"<="&DATE(2026,7,7)) -> 683400 | D21: =IF(B21=0,0,C21/B21) -> 1.208518 | E21: =IF(B21=0,0,D21*(1-'Phí sàn theo shop'!$D$2)) -> 0.92280722 | F21: =SUMIFS('Raw Data - Nhóm SP'!$E:$E,'Raw Data - Nhóm SP'!$C:$C,"Tinh Dầu 10ml (Nguyên Chất)",'Raw Data - Nhóm SP'!$B:$B,"Aroma Story - The Art Of Scent",'Raw Data - Nhóm SP'!$A:$A,">="&DATE(2026,6,8),'Raw Data - Nhóm SP'!$A:$A,"<="&DATE(2026,7,7)) -> 4309305 | G21: =SUMIFS('Raw Data - Nhóm SP'!$F:$F,'Raw Data - Nhóm SP'!$C:$C,"Tinh Dầu 10ml (Nguyên Chất)",'Raw Data - Nhóm SP'!$B:$B,"Aroma Story - The Art Of Scent",'Raw Data - Nhóm SP'!$A:$A,">="&DATE(2026,6,8),'Raw Data - Nhóm SP'!$A:$A,"<="&DATE(2026,7,7)) -> 19659574 | H21: =IF(F21=0,0,G21/F21) -> 4.5621217 | I21: =IF(F21=0,0,H21*(1-'Phí sàn theo shop'!$D$3)) -> 3.1437987 | J21: =IF(OR(B21=0,F21=0),IF(B21=0,"Chỉ TAOS có data",IF(F21=0,"Chỉ GHT có data","-")),IF(ABS(E21-I21)/MAX(E21,I21)<0.03,"Ngang nhau -> uu tien GHT",IF(E21>I21,"Don ve GHT","Don ve TAOS"))) -> Don ve TAOS
A22: Xịt Thơm Phòng | B22: =SUMIFS('Raw Data - Nhóm SP'!$E:$E,'Raw Data - Nhóm SP'!$C:$C,"Xịt Thơm Phòng",'Raw Data - Nhóm SP'!$B:$B,"Aroma Story - Góc Hương Thơm",'Raw Data - Nhóm SP'!$A:$A,">="&DATE(2026,6,8),'Raw Data - Nhóm SP'!$A:$A,"<="&DATE(2026,7,7)) -> 1142913 | C22: =SUMIFS('Raw Data - Nhóm SP'!$F:$F,'Raw Data - Nhóm SP'!$C:$C,"Xịt Thơm Phòng",'Raw Data - Nhóm SP'!$B:$B,"Aroma Story - Góc Hương Thơm",'Raw Data - Nhóm SP'!$A:$A,">="&DATE(2026,6,8),'Raw Data - Nhóm SP'!$A:$A,"<="&DATE(2026,7,7)) -> 4681547 | D22: =IF(B22=0,0,C22/B22) -> 4.0961534 | E22: =IF(B22=0,0,D22*(1-'Phí sàn theo shop'!$D$2)) -> 3.1277647 | F22: =SUMIFS('Raw Data - Nhóm SP'!$E:$E,'Raw Data - Nhóm SP'!$C:$C,"Xịt Thơm Phòng",'Raw Data - Nhóm SP'!$B:$B,"Aroma Story - The Art Of Scent",'Raw Data - Nhóm SP'!$A:$A,">="&DATE(2026,6,8),'Raw Data - Nhóm SP'!$A:$A,"<="&DATE(2026,7,7)) -> 0 | G22: =SUMIFS('Raw Data - Nhóm SP'!$F:$F,'Raw Data - Nhóm SP'!$C:$C,"Xịt Thơm Phòng",'Raw Data - Nhóm SP'!$B:$B,"Aroma Story - The Art Of Scent",'Raw Data - Nhóm SP'!$A:$A,">="&DATE(2026,6,8),'Raw Data - Nhóm SP'!$A:$A,"<="&DATE(2026,7,7)) -> 0 | H22: =IF(F22=0,0,G22/F22) -> 0 | I22: =IF(F22=0,0,H22*(1-'Phí sàn theo shop'!$D$3)) -> 0 | J22: =IF(OR(B22=0,F22=0),IF(B22=0,"Chỉ TAOS có data",IF(F22=0,"Chỉ GHT có data","-")),IF(ABS(E22-I22)/MAX(E22,I22)<0.03,"Ngang nhau -> uu tien GHT",IF(E22>I22,"Don ve GHT","Don ve TAOS"))) -> Chỉ GHT có data
A23: Set Quà / Combo | B23: =SUMIFS('Raw Data - Nhóm SP'!$E:$E,'Raw Data - Nhóm SP'!$C:$C,"Set Quà / Combo",'Raw Data - Nhóm SP'!$B:$B,"Aroma Story - Góc Hương Thơm",'Raw Data - Nhóm SP'!$A:$A,">="&DATE(2026,6,8),'Raw Data - Nhóm SP'!$A:$A,"<="&DATE(2026,7,7)) -> 4056086 | C23: =SUMIFS('Raw Data - Nhóm SP'!$F:$F,'Raw Data - Nhóm SP'!$C:$C,"Set Quà / Combo",'Raw Data - Nhóm SP'!$B:$B,"Aroma Story - Góc Hương Thơm",'Raw Data - Nhóm SP'!$A:$A,">="&DATE(2026,6,8),'Raw Data - Nhóm SP'!$A:$A,"<="&DATE(2026,7,7)) -> 20334669 | D23: =IF(B23=0,0,C23/B23) -> 5.0133723 | E23: =IF(B23=0,0,D23*(1-'Phí sàn theo shop'!$D$2)) -> 3.82814 | F23: =SUMIFS('Raw Data - Nhóm SP'!$E:$E,'Raw Data - Nhóm SP'!$C:$C,"Set Quà / Combo",'Raw Data - Nhóm SP'!$B:$B,"Aroma Story - The Art Of Scent",'Raw Data - Nhóm SP'!$A:$A,">="&DATE(2026,6,8),'Raw Data - Nhóm SP'!$A:$A,"<="&DATE(2026,7,7)) -> 219645 | G23: =SUMIFS('Raw Data - Nhóm SP'!$F:$F,'Raw Data - Nhóm SP'!$C:$C,"Set Quà / Combo",'Raw Data - Nhóm SP'!$B:$B,"Aroma Story - The Art Of Scent",'Raw Data - Nhóm SP'!$A:$A,">="&DATE(2026,6,8),'Raw Data - Nhóm SP'!$A:$A,"<="&DATE(2026,7,7)) -> 878100 | H23: =IF(F23=0,0,G23/F23) -> 3.9978147 | I23: =IF(F23=0,0,H23*(1-'Phí sàn theo shop'!$D$3)) -> 2.7549297 | J23: =IF(OR(B23=0,F23=0),IF(B23=0,"Chỉ TAOS có data",IF(F23=0,"Chỉ GHT có data","-")),IF(ABS(E23-I23)/MAX(E23,I23)<0.03,"Ngang nhau -> uu tien GHT",IF(E23>I23,"Don ve GHT","Don ve TAOS"))) -> Don ve GHT
A24: TONG - TAT CA ADS (blended) | B24: =SUMIFS('Raw Data - Nhóm SP'!$E:$E,'Raw Data - Nhóm SP'!$B:$B,"Aroma Story - Góc Hương Thơm",'Raw Data - Nhóm SP'!$A:$A,">="&DATE(2026,6,8),'Raw Data - Nhóm SP'!$A:$A,"<="&DATE(2026,7,7)) -> 41380295 | C24: =SUMIFS('Raw Data - Nhóm SP'!$F:$F,'Raw Data - Nhóm SP'!$B:$B,"Aroma Story - Góc Hương Thơm",'Raw Data - Nhóm SP'!$A:$A,">="&DATE(2026,6,8),'Raw Data - Nhóm SP'!$A:$A,"<="&DATE(2026,7,7)) -> 191747778 | D24: =IF(B24=0,0,C24/B24) -> 4.6337944 | E24: =IF(B24=0,0,D24*(1-'Phí sàn theo shop'!$D$2)) -> 3.5382998 | F24: =SUMIFS('Raw Data - Nhóm SP'!$E:$E,'Raw Data - Nhóm SP'!$B:$B,"Aroma Story - The Art Of Scent",'Raw Data - Nhóm SP'!$A:$A,">="&DATE(2026,6,8),'Raw Data - Nhóm SP'!$A:$A,"<="&DATE(2026,7,7)) -> 63882636 | G24: =SUMIFS('Raw Data - Nhóm SP'!$F:$F,'Raw Data - Nhóm SP'!$B:$B,"Aroma Story - The Art Of Scent",'Raw Data - Nhóm SP'!$A:$A,">="&DATE(2026,6,8),'Raw Data - Nhóm SP'!$A:$A,"<="&DATE(2026,7,7)) -> 329653858 | H24: =IF(F24=0,0,G24/F24) -> 5.1603046 | I24: =IF(F24=0,0,H24*(1-'Phí sàn theo shop'!$D$3)) -> 3.5560118
A26: KHUNG 90 NGÀY (2026-04-09 -> 2026-07-07)
A27: Nhom san pham | B27: GOC HUONG THOM | F27: THE ART OF SCENT | J27: Khuyen nghi
B28: Chi phi | C28: Doanh so | D28: ROAS | E28: ROAS sau phi | F28: Chi phi | G28: Doanh so | H28: ROAS | I28: ROAS sau phi
A29: Nước Hoa | B29: =SUMIFS('Raw Data - Nhóm SP'!$E:$E,'Raw Data - Nhóm SP'!$C:$C,"Nước Hoa",'Raw Data - Nhóm SP'!$B:$B,"Aroma Story - Góc Hương Thơm",'Raw Data - Nhóm SP'!$A:$A,">="&DATE(2026,4,9),'Raw Data - Nhóm SP'!$A:$A,"<="&DATE(2026,7,7)) -> 11305490 | C29: =SUMIFS('Raw Data - Nhóm SP'!$F:$F,'Raw Data - Nhóm SP'!$C:$C,"Nước Hoa",'Raw Data - Nhóm SP'!$B:$B,"Aroma Story - Góc Hương Thơm",'Raw Data - Nhóm SP'!$A:$A,">="&DATE(2026,4,9),'Raw Data - Nhóm SP'!$A:$A,"<="&DATE(2026,7,7)) -> 48505298 | D29: =IF(B29=0,0,C29/B29) -> 4.2904198 | E29: =IF(B29=0,0,D29*(1-'Phí sàn theo shop'!$D$2)) -> 3.2761038 | F29: =SUMIFS('Raw Data - Nhóm SP'!$E:$E,'Raw Data - Nhóm SP'!$C:$C,"Nước Hoa",'Raw Data - Nhóm SP'!$B:$B,"Aroma Story - The Art Of Scent",'Raw Data - Nhóm SP'!$A:$A,">="&DATE(2026,4,9),'Raw Data - Nhóm SP'!$A:$A,"<="&DATE(2026,7,7)) -> 2384107 | G29: =SUMIFS('Raw Data - Nhóm SP'!$F:$F,'Raw Data - Nhóm SP'!$C:$C,"Nước Hoa",'Raw Data - Nhóm SP'!$B:$B,"Aroma Story - The Art Of Scent",'Raw Data - Nhóm SP'!$A:$A,">="&DATE(2026,4,9),'Raw Data - Nhóm SP'!$A:$A,"<="&DATE(2026,7,7)) -> 9308400 | H29: =IF(F29=0,0,G29/F29) -> 3.904355 | I29: =IF(F29=0,0,H29*(1-'Phí sàn theo shop'!$D$3)) -> 2.6905257 | J29: =IF(OR(B29=0,F29=0),IF(B29=0,"Chỉ TAOS có data",IF(F29=0,"Chỉ GHT có data","-")),IF(ABS(E29-I29)/MAX(E29,I29)<0.03,"Ngang nhau -> uu tien GHT",IF(E29>I29,"Don ve GHT","Don ve TAOS"))) -> Don ve GHT
A30: Nến Thơm | B30: =SUMIFS('Raw Data - Nhóm SP'!$E:$E,'Raw Data - Nhóm SP'!$C:$C,"Nến Thơm",'Raw Data - Nhóm SP'!$B:$B,"Aroma Story - Góc Hương Thơm",'Raw Data - Nhóm SP'!$A:$A,">="&DATE(2026,4,9),'Raw Data - Nhóm SP'!$A:$A,"<="&DATE(2026,7,7)) -> 41551215 | C30: =SUMIFS('Raw Data - Nhóm SP'!$F:$F,'Raw Data - Nhóm SP'!$C:$C,"Nến Thơm",'Raw Data - Nhóm SP'!$B:$B,"Aroma Story - Góc Hương Thơm",'Raw Data - Nhóm SP'!$A:$A,">="&DATE(2026,4,9),'Raw Data - Nhóm SP'!$A:$A,"<="&DATE(2026,7,7)) -> 185062406 | D30: =IF(B30=0,0,C30/B30) -> 4.4538386 | E30: =IF(B30=0,0,D30*(1-'Phí sàn theo shop'!$D$2)) -> 3.4008881 | F30: =SUMIFS('Raw Data - Nhóm SP'!$E:$E,'Raw Data - Nhóm SP'!$C:$C,"Nến Thơm",'Raw Data - Nhóm SP'!$B:$B,"Aroma Story - The Art Of Scent",'Raw Data - Nhóm SP'!$A:$A,">="&DATE(2026,4,9),'Raw Data - Nhóm SP'!$A:$A,"<="&DATE(2026,7,7)) -> 79900154 | G30: =SUMIFS('Raw Data - Nhóm SP'!$F:$F,'Raw Data - Nhóm SP'!$C:$C,"Nến Thơm",'Raw Data - Nhóm SP'!$B:$B,"Aroma Story - The Art Of Scent",'Raw Data - Nhóm SP'!$A:$A,">="&DATE(2026,4,9),'Raw Data - Nhóm SP'!$A:$A,"<="&DATE(2026,7,7)) -> 405182799 | H30: =IF(F30=0,0,G30/F30) -> 5.0711141 | I30: =IF(F30=0,0,H30*(1-'Phí sàn theo shop'!$D$3)) -> 3.4945499 | J30: =IF(OR(B30=0,F30=0),IF(B30=0,"Chỉ TAOS có data",IF(F30=0,"Chỉ GHT có data","-")),IF(ABS(E30-I30)/MAX(E30,I30)<0.03,"Ngang nhau -> uu tien GHT",IF(E30>I30,"Don ve GHT","Don ve TAOS"))) -> Ngang nhau -> uu tien GHT
A31: Tinh Dầu Khuếch Tán | B31: =SUMIFS('Raw Data - Nhóm SP'!$E:$E,'Raw Data - Nhóm SP'!$C:$C,"Tinh Dầu Khuếch Tán",'Raw Data - Nhóm SP'!$B:$B,"Aroma Story - Góc Hương Thơm",'Raw Data - Nhóm SP'!$A:$A,">="&DATE(2026,4,9),'Raw Data - Nhóm SP'!$A:$A,"<="&DATE(2026,7,7)) -> 42346979 | C31: =SUMIFS('Raw Data - Nhóm SP'!$F:$F,'Raw Data - Nhóm SP'!$C:$C,"Tinh Dầu Khuếch Tán",'Raw Data - Nhóm SP'!$B:$B,"Aroma Story - Góc Hương Thơm",'Raw Data - Nhóm SP'!$A:$A,">="&DATE(2026,4,9),'Raw Data - Nhóm SP'!$A:$A,"<="&DATE(2026,7,7)) -> 222774683 | D31: =IF(B31=0,0,C31/B31) -> 5.2606984 | E31: =IF(B31=0,0,D31*(1-'Phí sàn theo shop'!$D$2)) -> 4.0169948 | F31: =SUMIFS('Raw Data - Nhóm SP'!$E:$E,'Raw Data - Nhóm SP'!$C:$C,"Tinh Dầu Khuếch Tán",'Raw Data - Nhóm SP'!$B:$B,"Aroma Story - The Art Of Scent",'Raw Data - Nhóm SP'!$A:$A,">="&DATE(2026,4,9),'Raw Data - Nhóm SP'!$A:$A,"<="&DATE(2026,7,7)) -> 45245063 | G31: =SUMIFS('Raw Data - Nhóm SP'!$F:$F,'Raw Data - Nhóm SP'!$C:$C,"Tinh Dầu Khuếch Tán",'Raw Data - Nhóm SP'!$B:$B,"Aroma Story - The Art Of Scent",'Raw Data - Nhóm SP'!$A:$A,">="&DATE(2026,4,9),'Raw Data - Nhóm SP'!$A:$A,"<="&DATE(2026,7,7)) -> 241342967 | H31: =IF(F31=0,0,G31/F31) -> 5.3341282 | I31: =IF(F31=0,0,H31*(1-'Phí sàn theo shop'!$D$3)) -> 3.6757952 | J31: =IF(OR(B31=0,F31=0),IF(B31=0,"Chỉ TAOS có data",IF(F31=0,"Chỉ GHT có data","-")),IF(ABS(E31-I31)/MAX(E31,I31)<0.03,"Ngang nhau -> uu tien GHT",IF(E31>I31,"Don ve GHT","Don ve TAOS"))) -> Don ve GHT
A32: Tinh Dầu 10ml (Nguyên Chất) | B32: =SUMIFS('Raw Data - Nhóm SP'!$E:$E,'Raw Data - Nhóm SP'!$C:$C,"Tinh Dầu 10ml (Nguyên Chất)",'Raw Data - Nhóm SP'!$B:$B,"Aroma Story - Góc Hương Thơm",'Raw Data - Nhóm SP'!$A:$A,">="&DATE(2026,4,9),'Raw Data - Nhóm SP'!$A:$A,"<="&DATE(2026,7,7)) -> 1556750 | C32: =SUMIFS('Raw Data - Nhóm SP'!$F:$F,'Raw Data - Nhóm SP'!$C:$C,"Tinh Dầu 10ml (Nguyên Chất)",'Raw Data - Nhóm SP'!$B:$B,"Aroma Story - Góc Hương Thơm",'Raw Data - Nhóm SP'!$A:$A,">="&DATE(2026,4,9),'Raw Data - Nhóm SP'!$A:$A,"<="&DATE(2026,7,7)) -> 4312632 | D32: =IF(B32=0,0,C32/B32) -> 2.7702791 | E32: =IF(B32=0,0,D32*(1-'Phí sàn theo shop'!$D$2)) -> 2.1153459 | F32: =SUMIFS('Raw Data - Nhóm SP'!$E:$E,'Raw Data - Nhóm SP'!$C:$C,"Tinh Dầu 10ml (Nguyên Chất)",'Raw Data - Nhóm SP'!$B:$B,"Aroma Story - The Art Of Scent",'Raw Data - Nhóm SP'!$A:$A,">="&DATE(2026,4,9),'Raw Data - Nhóm SP'!$A:$A,"<="&DATE(2026,7,7)) -> 10490274 | G32: =SUMIFS('Raw Data - Nhóm SP'!$F:$F,'Raw Data - Nhóm SP'!$C:$C,"Tinh Dầu 10ml (Nguyên Chất)",'Raw Data - Nhóm SP'!$B:$B,"Aroma Story - The Art Of Scent",'Raw Data - Nhóm SP'!$A:$A,">="&DATE(2026,4,9),'Raw Data - Nhóm SP'!$A:$A,"<="&DATE(2026,7,7)) -> 48476426 | H32: =IF(F32=0,0,G32/F32) -> 4.6210829 | I32: =IF(F32=0,0,H32*(1-'Phí sàn theo shop'!$D$3)) -> 3.1844294 | J32: =IF(OR(B32=0,F32=0),IF(B32=0,"Chỉ TAOS có data",IF(F32=0,"Chỉ GHT có data","-")),IF(ABS(E32-I32)/MAX(E32,I32)<0.03,"Ngang nhau -> uu tien GHT",IF(E32>I32,"Don ve GHT","Don ve TAOS"))) -> Don ve TAOS
A33: Xịt Thơm Phòng | B33: =SUMIFS('Raw Data - Nhóm SP'!$E:$E,'Raw Data - Nhóm SP'!$C:$C,"Xịt Thơm Phòng",'Raw Data - Nhóm SP'!$B:$B,"Aroma Story - Góc Hương Thơm",'Raw Data - Nhóm SP'!$A:$A,">="&DATE(2026,4,9),'Raw Data - Nhóm SP'!$A:$A,"<="&DATE(2026,7,7)) -> 3340153 | C33: =SUMIFS('Raw Data - Nhóm SP'!$F:$F,'Raw Data - Nhóm SP'!$C:$C,"Xịt Thơm Phòng",'Raw Data - Nhóm SP'!$B:$B,"Aroma Story - Góc Hương Thơm",'Raw Data - Nhóm SP'!$A:$A,">="&DATE(2026,4,9),'Raw Data - Nhóm SP'!$A:$A,"<="&DATE(2026,7,7)) -> 11619533 | D33: =IF(B33=0,0,C33/B33) -> 3.4787427 | E33: =IF(B33=0,0,D33*(1-'Phí sàn theo shop'!$D$2)) -> 2.6563187 | F33: =SUMIFS('Raw Data - Nhóm SP'!$E:$E,'Raw Data - Nhóm SP'!$C:$C,"Xịt Thơm Phòng",'Raw Data - Nhóm SP'!$B:$B,"Aroma Story - The Art Of Scent",'Raw Data - Nhóm SP'!$A:$A,">="&DATE(2026,4,9),'Raw Data - Nhóm SP'!$A:$A,"<="&DATE(2026,7,7)) -> 207270 | G33: =SUMIFS('Raw Data - Nhóm SP'!$F:$F,'Raw Data - Nhóm SP'!$C:$C,"Xịt Thơm Phòng",'Raw Data - Nhóm SP'!$B:$B,"Aroma Story - The Art Of Scent",'Raw Data - Nhóm SP'!$A:$A,">="&DATE(2026,4,9),'Raw Data - Nhóm SP'!$A:$A,"<="&DATE(2026,7,7)) -> 446200 | H33: =IF(F33=0,0,G33/F33) -> 2.1527476 | I33: =IF(F33=0,0,H33*(1-'Phí sàn theo shop'!$D$3)) -> 1.4834775 | J33: =IF(OR(B33=0,F33=0),IF(B33=0,"Chỉ TAOS có data",IF(F33=0,"Chỉ GHT có data","-")),IF(ABS(E33-I33)/MAX(E33,I33)<0.03,"Ngang nhau -> uu tien GHT",IF(E33>I33,"Don ve GHT","Don ve TAOS"))) -> Don ve GHT
A34: Set Quà / Combo | B34: =SUMIFS('Raw Data - Nhóm SP'!$E:$E,'Raw Data - Nhóm SP'!$C:$C,"Set Quà / Combo",'Raw Data - Nhóm SP'!$B:$B,"Aroma Story - Góc Hương Thơm",'Raw Data - Nhóm SP'!$A:$A,">="&DATE(2026,4,9),'Raw Data - Nhóm SP'!$A:$A,"<="&DATE(2026,7,7)) -> 16528621 | C34: =SUMIFS('Raw Data - Nhóm SP'!$F:$F,'Raw Data - Nhóm SP'!$C:$C,"Set Quà / Combo",'Raw Data - Nhóm SP'!$B:$B,"Aroma Story - Góc Hương Thơm",'Raw Data - Nhóm SP'!$A:$A,">="&DATE(2026,4,9),'Raw Data - Nhóm SP'!$A:$A,"<="&DATE(2026,7,7)) -> 78483530 | D34: =IF(B34=0,0,C34/B34) -> 4.7483411 | E34: =IF(B34=0,0,D34*(1-'Phí sàn theo shop'!$D$2)) -> 3.625766 | F34: =SUMIFS('Raw Data - Nhóm SP'!$E:$E,'Raw Data - Nhóm SP'!$C:$C,"Set Quà / Combo",'Raw Data - Nhóm SP'!$B:$B,"Aroma Story - The Art Of Scent",'Raw Data - Nhóm SP'!$A:$A,">="&DATE(2026,4,9),'Raw Data - Nhóm SP'!$A:$A,"<="&DATE(2026,7,7)) -> 10934239 | G34: =SUMIFS('Raw Data - Nhóm SP'!$F:$F,'Raw Data - Nhóm SP'!$C:$C,"Set Quà / Combo",'Raw Data - Nhóm SP'!$B:$B,"Aroma Story - The Art Of Scent",'Raw Data - Nhóm SP'!$A:$A,">="&DATE(2026,4,9),'Raw Data - Nhóm SP'!$A:$A,"<="&DATE(2026,7,7)) -> 57430891 | H34: =IF(F34=0,0,G34/F34) -> 5.2523903 | I34: =IF(F34=0,0,H34*(1-'Phí sàn theo shop'!$D$3)) -> 3.6194689 | J34: =IF(OR(B34=0,F34=0),IF(B34=0,"Chỉ TAOS có data",IF(F34=0,"Chỉ GHT có data","-")),IF(ABS(E34-I34)/MAX(E34,I34)<0.03,"Ngang nhau -> uu tien GHT",IF(E34>I34,"Don ve GHT","Don ve TAOS"))) -> Ngang nhau -> uu tien GHT
A35: TONG - TAT CA ADS (blended) | B35: =SUMIFS('Raw Data - Nhóm SP'!$E:$E,'Raw Data - Nhóm SP'!$B:$B,"Aroma Story - Góc Hương Thơm",'Raw Data - Nhóm SP'!$A:$A,">="&DATE(2026,4,9),'Raw Data - Nhóm SP'!$A:$A,"<="&DATE(2026,7,7)) -> 118172085 | C35: =SUMIFS('Raw Data - Nhóm SP'!$F:$F,'Raw Data - Nhóm SP'!$B:$B,"Aroma Story - Góc Hương Thơm",'Raw Data - Nhóm SP'!$A:$A,">="&DATE(2026,4,9),'Raw Data - Nhóm SP'!$A:$A,"<="&DATE(2026,7,7)) -> 556092979 | D35: =IF(B35=0,0,C35/B35) -> 4.7057897 | E35: =IF(B35=0,0,D35*(1-'Phí sàn theo shop'!$D$2)) -> 3.5932744 | F35: =SUMIFS('Raw Data - Nhóm SP'!$E:$E,'Raw Data - Nhóm SP'!$B:$B,"Aroma Story - The Art Of Scent",'Raw Data - Nhóm SP'!$A:$A,">="&DATE(2026,4,9),'Raw Data - Nhóm SP'!$A:$A,"<="&DATE(2026,7,7)) -> 152485933 | G35: =SUMIFS('Raw Data - Nhóm SP'!$F:$F,'Raw Data - Nhóm SP'!$B:$B,"Aroma Story - The Art Of Scent",'Raw Data - Nhóm SP'!$A:$A,">="&DATE(2026,4,9),'Raw Data - Nhóm SP'!$A:$A,"<="&DATE(2026,7,7)) -> 770597113 | H35: =IF(F35=0,0,G35/F35) -> 5.053562 | I35: =IF(F35=0,0,H35*(1-'Phí sàn theo shop'!$D$3)) -> 3.4824545

Sheet Theo san pham (7-30-90d)
A1: Ads Shopee theo SAN PHAM CHI TIET (ghep cap ten gan giong nhau giua 2 shop) - 3 khung thoi gian
A2: Chi gom campaign quang cao 1 SAN PHAM CU THE (co Ma san pham) - khong gom campaign dang bo suu tap nhieu san pham. Ten san pham o 2 shop duoc ghep cap theo do giong ten (khong phai trung tuyet doi) - TU KIEM TRA lai sheet 'Ghi chu ghep SP' neu thay ten 2 ben khac xa nhau. San pham chi chay o 1 shop thi cot shop kia hien 0/-. Dong TONG = ROAS blended TOAN BO ads (ke ca campaign bo suu tap), khong chi tong cac san pham ben duoi.
A4: KHUNG 7 NGÀY (2026-07-01 -> 2026-07-07)
A5: San pham | B5: GOC HUONG THOM | F5: THE ART OF SCENT | J5: Khuyen nghi
B6: Chi phi | C6: Doanh so | D6: ROAS | E6: ROAS sau phi | F6: Chi phi | G6: Doanh so | H6: ROAS | I6: ROAS sau phi
A7: Bộ Sản Phẩm Tinh Dầu Cà Phê & Lọ Tán Hương Aroma Story – Hương Thơm Tự Nhiên, Giúp Tập Trung & Thư Giãn | B7: =SUMIFS('Raw Data - Sản phẩm'!$F:$F,'Raw Data - Sản phẩm'!$D:$D,"Bộ Sản Phẩm Tinh Dầu Cà Phê & Lọ Tán Hương Aroma Story – Hương Thơm Tự Nhiên, Giúp Tập Trung & Thư Giãn",'Raw Data - Sản phẩm'!$B:$B,"Aroma Story - Góc Hương Thơm",'Raw Data - Sản phẩm'!$A:$A,">="&DATE(2026,7,1),'Raw Data - Sản phẩm'!$A:$A,"<="&DATE(2026,7,7)) -> 0 | C7: =SUMIFS('Raw Data - Sản phẩm'!$G:$G,'Raw Data - Sản phẩm'!$D:$D,"Bộ Sản Phẩm Tinh Dầu Cà Phê & Lọ Tán Hương Aroma Story – Hương Thơm Tự Nhiên, Giúp Tập Trung & Thư Giãn",'Raw Data - Sản phẩm'!$B:$B,"Aroma Story - Góc Hương Thơm",'Raw Data - Sản phẩm'!$A:$A,">="&DATE(2026,7,1),'Raw Data - Sản phẩm'!$A:$A,"<="&DATE(2026,7,7)) -> 0 | D7: =IF(B7=0,0,C7/B7) -> 0 | E7: =IF(B7=0,0,D7*(1-'Phí sàn theo shop'!$D$2)) -> 0 | F7: =SUMIFS('Raw Data - Sản phẩm'!$F:$F,'Raw Data - Sản phẩm'!$D:$D,"Bộ Sản Phẩm Tinh Dầu Cà Phê & Lọ Tán Hương Aroma Story – Hương Thơm Tự Nhiên, Giúp Tập Trung & Thư Giãn",'Raw Data - Sản phẩm'!$B:$B,"Aroma Story - The Art Of Scent",'Raw Data - Sản phẩm'!$A:$A,">="&DATE(2026,7,1),'Raw Data - Sản phẩm'!$A:$A,"<="&DATE(2026,7,7)) -> 0 | G7: =SUMIFS('Raw Data - Sản phẩm'!$G:$G,'Raw Data - Sản phẩm'!$D:$D,"Bộ Sản Phẩm Tinh Dầu Cà Phê & Lọ Tán Hương Aroma Story – Hương Thơm Tự Nhiên, Giúp Tập Trung & Thư Giãn",'Raw Data - Sản phẩm'!$B:$B,"Aroma Story - The Art Of Scent",'Raw Data - Sản phẩm'!$A:$A,">="&DATE(2026,7,1),'Raw Data - Sản phẩm'!$A:$A,"<="&DATE(2026,7,7)) -> 0 | H7: =IF(F7=0,0,G7/F7) -> 0 | I7: =IF(F7=0,0,H7*(1-'Phí sàn theo shop'!$D$3)) -> 0 | J7: =IF(OR(B7=0,F7=0),IF(B7=0,"Chỉ TAOS có data",IF(F7=0,"Chỉ GHT có data","-")),IF(ABS(E7-I7)/MAX(E7,I7)<0.03,"Ngang nhau -> uu tien GHT",IF(E7>I7,"Don ve GHT","Don ve TAOS"))) -> Chỉ TAOS có data
A8: BST Nước Hoa Nam Aroma Story EDP 30ml – Hương Thơm Nam Tính, Cuốn Hút | B8: =SUMIFS('Raw Data - Sản phẩm'!$F:$F,'Raw Data - Sản phẩm'!$D:$D,"BST Nước Hoa Nam Aroma Story EDP 30ml – Hương Thơm Nam Tính, Cuốn Hút",'Raw Data - Sản phẩm'!$B:$B,"Aroma Story - Góc Hương Thơm",'Raw Data - Sản phẩm'!$A:$A,">="&DATE(2026,7,1),'Raw Data - Sản phẩm'!$A:$A,"<="&DATE(2026,7,7)) -> 0 | C8: =SUMIFS('Raw Data - Sản phẩm'!$G:$G,'Raw Data - Sản phẩm'!$D:$D,"BST Nước Hoa Nam Aroma Story EDP 30ml – Hương Thơm Nam Tính, Cuốn Hút",'Raw Data - Sản phẩm'!$B:$B,"Aroma Story - Góc Hương Thơm",'Raw Data - Sản phẩm'!$A:$A,">="&DATE(2026,7,1),'Raw Data - Sản phẩm'!$A:$A,"<="&DATE(2026,7,7)) -> 0 | D8: =IF(B8=0,0,C8/B8) -> 0 | E8: =IF(B8=0,0,D8*(1-'Phí sàn theo shop'!$D$2)) -> 0 | F8: =SUMIFS('Raw Data - Sản phẩm'!$F:$F,'Raw Data - Sản phẩm'!$D:$D,"BST Nước Hoa Nam Aroma Story EDP 30ml – Hương Thơm Nam Tính, Cuốn Hút",'Raw Data - Sản phẩm'!$B:$B,"Aroma Story - The Art Of Scent",'Raw Data - Sản phẩm'!$A:$A,">="&DATE(2026,7,1),'Raw Data - Sản phẩm'!$A:$A,"<="&DATE(2026,7,7)) -> 0 | G8: =SUMIFS('Raw Data - Sản phẩm'!$G:$G,'Raw Data - Sản phẩm'!$D:$D,"BST Nước Hoa Nam Aroma Story EDP 30ml – Hương Thơm Nam Tính, Cuốn Hút",'Raw Data - Sản phẩm'!$B:$B,"Aroma Story - The Art Of Scent",'Raw Data - Sản phẩm'!$A:$A,">="&DATE(2026,7,1),'Raw Data - Sản phẩm'!$A:$A,"<="&DATE(2026,7,7)) -> 0 | H8: =IF(F8=0,0,G8/F8) -> 0 | I8: =IF(F8=0,0,H8*(1-'Phí sàn theo shop'!$D$3)) -> 0 | J8: =IF(OR(B8=0,F8=0),IF(B8=0,"Chỉ TAOS có data",IF(F8=0,"Chỉ GHT có data","-")),IF(ABS(E8-I8)/MAX(E8,I8)<0.03,"Ngang nhau -> uu tien GHT",IF(E8>I8,"Don ve GHT","Don ve TAOS"))) -> Chỉ TAOS có data
A9: BST Nước Hoa Nữ Aroma Story EDP 30ml – Hương Thơm, Nữ Tính, Thanh Lịch | B9: =SUMIFS('Raw Data - Sản phẩm'!$F:$F,'Raw Data - Sản phẩm'!$D:$D,"BST Nước Hoa Nữ Aroma Story EDP 30ml – Hương Thơm, Nữ Tính, Thanh Lịch",'Raw Data - Sản phẩm'!$B:$B,"Aroma Story - Góc Hương Thơm",'Raw Data - Sản phẩm'!$A:$A,">="&DATE(2026,7,1),'Raw Data - Sản phẩm'!$A:$A,"<="&DATE(2026,7,7)) -> 0 | C9: =SUMIFS('Raw Data - Sản phẩm'!$G:$G,'Raw Data - Sản phẩm'!$D:$D,"BST Nước Hoa Nữ Aroma Story EDP 30ml – Hương Thơm, Nữ Tính, Thanh Lịch",'Raw Data - Sản phẩm'!$B:$B,"Aroma Story - Góc Hương Thơm",'Raw Data - Sản phẩm'!$A:$A,">="&DATE(2026,7,1),'Raw Data - Sản phẩm'!$A:$A,"<="&DATE(2026,7,7)) -> 0 | D9: =IF(B9=0,0,C9/B9) -> 0 | E9: =IF(B9=0,0,D9*(1-'Phí sàn theo shop'!$D$2)) -> 0 | F9: =SUMIFS('Raw Data - Sản phẩm'!$F:$F,'Raw Data - Sản phẩm'!$D:$D,"BST Nước Hoa Nữ Aroma Story EDP 30ml – Hương Thơm, Nữ Tính, Thanh Lịch",'Raw Data - Sản phẩm'!$B:$B,"Aroma Story - The Art Of Scent",'Raw Data - Sản phẩm'!$A:$A,">="&DATE(2026,7,1),'Raw Data - Sản phẩm'!$A:$A,"<="&DATE(2026,7,7)) -> 0 | G9: =SUMIFS('Raw Data - Sản phẩm'!$G:$G,'Raw Data - Sản phẩm'!$D:$D,"BST Nước Hoa Nữ Aroma Story EDP 30ml – Hương Thơm, Nữ Tính, Thanh Lịch",'Raw Data - Sản phẩm'!$B:$B,"Aroma Story - The Art Of Scent",'Raw Data - Sản phẩm'!$A:$A,">="&DATE(2026,7,1),'Raw Data - Sản phẩm'!$A:$A,"<="&DATE(2026,7,7)) -> 0 | H9: =IF(F9=0,0,G9/F9) -> 0 | I9: =IF(F9=0,0,H9*(1-'Phí sàn theo shop'!$D$3)) -> 0 | J9: =IF(OR(B9=0,F9=0),IF(B9=0,"Chỉ TAOS có data",IF(F9=0,"Chỉ GHT có data","-")),IF(ABS(E9-I9)/MAX(E9,I9)<0.03,"Ngang nhau -> uu tien GHT",IF(E9>I9,"Don ve GHT","Don ve TAOS"))) -> Chỉ TAOS có data
A10: Nước Hoa Nữ Very Good Girl Aroma Story EDP 30ml – Hương Hoa Ngọt Ngào, Quyến Rũ | B10: =SUMIFS('Raw Data - Sản phẩm'!$F:$F,'Raw Data - Sản phẩm'!$D:$D,"Nước Hoa Nữ Very Good Girl Aroma Story EDP 30ml – Hương Hoa Ngọt Ngào, Quyến Rũ",'Raw Data - Sản phẩm'!$B:$B,"Aroma Story - Góc Hương Thơm",'Raw Data - Sản phẩm'!$A:$A,">="&DATE(2026,7,1),'Raw Data - Sản phẩm'!$A:$A,"<="&DATE(2026,7,7)) -> 0 | C10: =SUMIFS('Raw Data - Sản phẩm'!$G:$G,'Raw Data - Sản phẩm'!$D:$D,"Nước Hoa Nữ Very Good Girl Aroma Story EDP 30ml – Hương Hoa Ngọt Ngào, Quyến Rũ",'Raw Data - Sản phẩm'!$B:$B,"Aroma Story - Góc Hương Thơm",'Raw Data - Sản phẩm'!$A:$A,">="&DATE(2026,7,1),'Raw Data - Sản phẩm'!$A:$A,"<="&DATE(2026,7,7)) -> 0 | D10: =IF(B10=0,0,C10/B10) -> 0 | E10: =IF(B10=0,0,D10*(1-'Phí sàn theo shop'!$D$2)) -> 0 | F10: =SUMIFS('Raw Data - Sản phẩm'!$F:$F,'Raw Data - Sản phẩm'!$D:$D,"Nước Hoa Nữ Very Good Girl Aroma Story EDP 30ml – Hương Hoa Ngọt Ngào, Quyến Rũ",'Raw Data - Sản phẩm'!$B:$B,"Aroma Story - The Art Of Scent",'Raw Data - Sản phẩm'!$A:$A,">="&DATE(2026,7,1),'Raw Data - Sản phẩm'!$A:$A,"<="&DATE(2026,7,7)) -> 0 | G10: =SUMIFS('Raw Data - Sản phẩm'!$G:$G,'Raw Data - Sản phẩm'!$D:$D,"Nước Hoa Nữ Very Good Girl Aroma Story EDP 30ml – Hương Hoa Ngọt Ngào, Quyến Rũ",'Raw Data - Sản phẩm'!$B:$B,"Aroma Story - The Art Of Scent",'Raw Data - Sản phẩm'!$A:$A,">="&DATE(2026,7,1),'Raw Data - Sản phẩm'!$A:$A,"<="&DATE(2026,7,7)) -> 0 | H10: =IF(F10=0,0,G10/F10) -> 0 | I10: =IF(F10=0,0,H10*(1-'Phí sàn theo shop'!$D$3)) -> 0 | J10: =IF(OR(B10=0,F10=0),IF(B10=0,"Chỉ TAOS có data",IF(F10=0,"Chỉ GHT có data","-")),IF(ABS(E10-I10)/MAX(E10,I10)<0.03,"Ngang nhau -> uu tien GHT",IF(E10>I10,"Don ve GHT","Don ve TAOS"))) -> Chỉ TAOS có data
A11: Nước Hoa Tóc Aroma Story Giúp Thơm Mượt Tóc, Tránh Bết, Khử Mùi, Size 10ml/100ml | B11: =SUMIFS('Raw Data - Sản phẩm'!$F:$F,'Raw Data - Sản phẩm'!$D:$D,"Nước Hoa Tóc Aroma Story Giúp Thơm Mượt Tóc, Tránh Bết, Khử Mùi, Size 10ml/100ml",'Raw Data - Sản phẩm'!$B:$B,"Aroma Story - Góc Hương Thơm",'Raw Data - Sản phẩm'!$A:$A,">="&DATE(2026,7,1),'Raw Data - Sản phẩm'!$A:$A,"<="&DATE(2026,7,7)) -> 40288 | C11: =SUMIFS('Raw Data - Sản phẩm'!$G:$G,'Raw Data - Sản phẩm'!$D:$D,"Nước Hoa Tóc Aroma Story Giúp Thơm Mượt Tóc, Tránh Bết, Khử Mùi, Size 10ml/100ml",'Raw Data - Sản phẩm'!$B:$B,"Aroma Story - Góc Hương Thơm",'Raw Data - Sản phẩm'!$A:$A,">="&DATE(2026,7,1),'Raw Data - Sản phẩm'!$A:$A,"<="&DATE(2026,7,7)) -> 195000 | D11: =IF(B11=0,0,C11/B11) -> 4.8401509 | E11: =IF(B11=0,0,D11*(1-'Phí sàn theo shop'!$D$2)) -> 3.6958707 | F11: =SUMIFS('Raw Data - Sản phẩm'!$F:$F,'Raw Data - Sản phẩm'!$D:$D,"Nước Hoa Tóc Aroma Story Giúp Thơm Mượt Tóc, Tránh Bết, Khử Mùi, Size 10ml/100ml",'Raw Data - Sản phẩm'!$B:$B,"Aroma Story - The Art Of Scent",'Raw Data - Sản phẩm'!$A:$A,">="&DATE(2026,7,1),'Raw Data - Sản phẩm'!$A:$A,"<="&DATE(2026,7,7)) -> 0 | G11: =SUMIFS('Raw Data - Sản phẩm'!$G:$G,'Raw Data - Sản phẩm'!$D:$D,"Nước Hoa Tóc Aroma Story Giúp Thơm Mượt Tóc, Tránh Bết, Khử Mùi, Size 10ml/100ml",'Raw Data - Sản phẩm'!$B:$B,"Aroma Story - The Art Of Scent",'Raw Data - Sản phẩm'!$A:$A,">="&DATE(2026,7,1),'Raw Data - Sản phẩm'!$A:$A,"<="&DATE(2026,7,7)) -> 0 | H11: =IF(F11=0,0,G11/F11) -> 0 | I11: =IF(F11=0,0,H11*(1-'Phí sàn theo shop'!$D$3)) -> 0 | J11: =IF(OR(B11=0,F11=0),IF(B11=0,"Chỉ TAOS có data",IF(F11=0,"Chỉ GHT có data","-")),IF(ABS(E11-I11)/MAX(E11,I11)<0.03,"Ngang nhau -> uu tien GHT",IF(E11>I11,"Don ve GHT","Don ve TAOS"))) -> Chỉ GHT có data
A12: Xịt Thơm Phòng, Quấn Áo Trà Trắng & Sung Aroma Story, Nước Hoa Xịt Thơm Size 200ml | B12: =SUMIFS('Raw Data - Sản phẩm'!$F:$F,'Raw Data - Sản phẩm'!$D:$D,"Xịt Thơm Phòng, Quấn Áo Trà Trắng & Sung Aroma Story, Nước Hoa Xịt Thơm Size 200ml",'Raw Data - Sản phẩm'!$B:$B,"Aroma Story - Góc Hương Thơm",'Raw Data - Sản phẩm'!$A:$A,">="&DATE(2026,7,1),'Raw Data - Sản phẩm'!$A:$A,"<="&DATE(2026,7,7)) -> 393231 | C12: =SUMIFS('Raw Data - Sản phẩm'!$G:$G,'Raw Data - Sản phẩm'!$D:$D,"Xịt Thơm Phòng, Quấn Áo Trà Trắng & Sung Aroma Story, Nước Hoa Xịt Thơm Size 200ml",'Raw Data - Sản phẩm'!$B:$B,"Aroma Story - Góc Hương Thơm",'Raw Data - Sản phẩm'!$A:$A,">="&DATE(2026,7,1),'Raw Data - Sản phẩm'!$A:$A,"<="&DATE(2026,7,7)) -> 1772757 | D12: =IF(B12=0,0,C12/B12) -> 4.5081822 | E12: =IF(B12=0,0,D12*(1-'Phí sàn theo shop'!$D$2)) -> 3.4423841 | F12: =SUMIFS('Raw Data - Sản phẩm'!$F:$F,'Raw Data - Sản phẩm'!$D:$D,"Xịt Thơm Phòng, Quấn Áo Trà Trắng & Sung Aroma Story, Nước Hoa Xịt Thơm Size 200ml",'Raw Data - Sản phẩm'!$B:$B,"Aroma Story - The Art Of Scent",'Raw Data - Sản phẩm'!$A:$A,">="&DATE(2026,7,1),'Raw Data - Sản phẩm'!$A:$A,"<="&DATE(2026,7,7)) -> 0 | G12: =SUMIFS('Raw Data - Sản phẩm'!$G:$G,'Raw Data - Sản phẩm'!$D:$D,"Xịt Thơm Phòng, Quấn Áo Trà Trắng & Sung Aroma Story, Nước Hoa Xịt Thơm Size 200ml",'Raw Data - Sản phẩm'!$B:$B,"Aroma Story - The Art Of Scent",'Raw Data - Sản phẩm'!$A:$A,">="&DATE(2026,7,1),'Raw Data - Sản phẩm'!$A:$A,"<="&DATE(2026,7,7)) -> 0 | H12: =IF(F12=0,0,G12/F12) -> 0 | I12: =IF(F12=0,0,H12*(1-'Phí sàn theo shop'!$D$3)) -> 0 | J12: =IF(OR(B12=0,F12=0),IF(B12=0,"Chỉ TAOS có data",IF(F12=0,"Chỉ GHT có data","-")),IF(ABS(E12-I12)/MAX(E12,I12)<0.03,"Ngang nhau -> uu tien GHT",IF(E12>I12,"Don ve GHT","Don ve TAOS"))) -> Chỉ GHT có data
A13: Combo Quà Tặng Nến Thơm Aroma Story Tặng Người Yêu, Bạn Bè Dịp Sinh Nhật, Kỷ Niệm | B13: =SUMIFS('Raw Data - Sản phẩm'!$F:$F,'Raw Data - Sản phẩm'!$D:$D,"Combo Quà Tặng Nến Thơm Aroma Story Tặng Người Yêu, Bạn Bè Dịp Sinh Nhật, Kỷ Niệm",'Raw Data - Sản phẩm'!$B:$B,"Aroma Story - Góc Hương Thơm",'Raw Data - Sản phẩm'!$A:$A,">="&DATE(2026,7,1),'Raw Data - Sản phẩm'!$A:$A,"<="&DATE(2026,7,7)) -> 0 | C13: =SUMIFS('Raw Data - Sản phẩm'!$G:$G,'Raw Data - Sản phẩm'!$D:$D,"Combo Quà Tặng Nến Thơm Aroma Story Tặng Người Yêu, Bạn Bè Dịp Sinh Nhật, Kỷ Niệm",'Raw Data - Sản phẩm'!$B:$B,"Aroma Story - Góc Hương Thơm",'Raw Data - Sản phẩm'!$A:$A,">="&DATE(2026,7,1),'Raw Data - Sản phẩm'!$A:$A,"<="&DATE(2026,7,7)) -> 0 | D13: =IF(B13=0,0,C13/B13) -> 0 | E13: =IF(B13=0,0,D13*(1-'Phí sàn theo shop'!$D$2)) -> 0 | F13: =SUMIFS('Raw Data - Sản phẩm'!$F:$F,'Raw Data - Sản phẩm'!$D:$D,"Combo Quà Tặng Nến Thơm Aroma Story Tặng Người Yêu, Bạn Bè Dịp Sinh Nhật, Kỷ Niệm",'Raw Data - Sản phẩm'!$B:$B,"Aroma Story - The Art Of Scent",'Raw Data - Sản phẩm'!$A:$A,">="&DATE(2026,7,1),'Raw Data - Sản phẩm'!$A:$A,"<="&DATE(2026,7,7)) -> 0 | G13: =SUMIFS('Raw Data - Sản phẩm'!$G:$G,'Raw Data - Sản phẩm'!$D:$D,"Combo Quà Tặng Nến Thơm Aroma Story Tặng Người Yêu, Bạn Bè Dịp Sinh Nhật, Kỷ Niệm",'Raw Data - Sản phẩm'!$B:$B,"Aroma Story - The Art Of Scent",'Raw Data - Sản phẩm'!$A:$A,">="&DATE(2026,7,1),'Raw Data - Sản phẩm'!$A:$A,"<="&DATE(2026,7,7)) -> 0 | H13: =IF(F13=0,0,G13/F13) -> 0 | I13: =IF(F13=0,0,H13*(1-'Phí sàn theo shop'!$D$3)) -> 0 | J13: =IF(OR(B13=0,F13=0),IF(B13=0,"Chỉ TAOS có data",IF(F13=0,"Chỉ GHT có data","-")),IF(ABS(E13-I13)/MAX(E13,I13)<0.03,"Ngang nhau -> uu tien GHT",IF(E13>I13,"Don ve GHT","Don ve TAOS"))) -> Chỉ TAOS có data
A14: Nến Thơm Cao Cấp Aroma Story Nhiều Hương Cốc Gốm Sứ, Xi Măng, Thủy Tinh Size 100g - 250g | B14: =SUMIFS('Raw Data - Sản phẩm'!$F:$F,'Raw Data - Sản phẩm'!$D:$D,"Nến Thơm Cao Cấp Aroma Story Nhiều Hương Cốc Gốm Sứ, Xi Măng, Thủy Tinh Size 100g - 250g",'Raw Data - Sản phẩm'!$B:$B,"Aroma Story - Góc Hương Thơm",'Raw Data - Sản phẩm'!$A:$A,">="&DATE(2026,7,1),'Raw Data - Sản phẩm'!$A:$A,"<="&DATE(2026,7,7)) -> 0 | C14: =SUMIFS('Raw Data - Sản phẩm'!$G:$G,'Raw Data - Sản phẩm'!$D:$D,"Nến Thơm Cao Cấp Aroma Story Nhiều Hương Cốc Gốm Sứ, Xi Măng, Thủy Tinh Size 100g - 250g",'Raw Data - Sản phẩm'!$B:$B,"Aroma Story - Góc Hương Thơm",'Raw Data - Sản phẩm'!$A:$A,">="&DATE(2026,7,1),'Raw Data - Sản phẩm'!$A:$A,"<="&DATE(2026,7,7)) -> 0 | D14: =IF(B14=0,0,C14/B14) -> 0 | E14: =IF(B14=0,0,D14*(1-'Phí sàn theo shop'!$D$2)) -> 0 | F14: =SUMIFS('Raw Data - Sản phẩm'!$F:$F,'Raw Data - Sản phẩm'!$D:$D,"Nến Thơm Cao Cấp Aroma Story Nhiều Hương Cốc Gốm Sứ, Xi Măng, Thủy Tinh Size 100g - 250g",'Raw Data - Sản phẩm'!$B:$B,"Aroma Story - The Art Of Scent",'Raw Data - Sản phẩm'!$A:$A,">="&DATE(2026,7,1),'Raw Data - Sản phẩm'!$A:$A,"<="&DATE(2026,7,7)) -> 2027726 | G14: =SUMIFS('Raw Data - Sản phẩm'!$G:$G,'Raw Data - Sản phẩm'!$D:$D,"Nến Thơm Cao Cấp Aroma Story Nhiều Hương Cốc Gốm Sứ, Xi Măng, Thủy Tinh Size 100g - 250g",'Raw Data - Sản phẩm'!$B:$B,"Aroma Story - The Art Of Scent",'Raw Data - Sản phẩm'!$A:$A,">="&DATE(2026,7,1),'Raw Data - Sản phẩm'!$A:$A,"<="&DATE(2026,7,7)) -> 10305803 | H14: =IF(F14=0,0,G14/F14) -> 5.0824436 | I14: =IF(F14=0,0,H14*(1-'Phí sàn theo shop'!$D$3)) -> 3.5023571 | J14: =IF(OR(B14=0,F14=0),IF(B14=0,"Chỉ TAOS có data",IF(F14=0,"Chỉ GHT có data","-")),IF(ABS(E14-I14)/MAX(E14,I14)<0.03,"Ngang nhau -> uu tien GHT",IF(E14>I14,"Don ve GHT","Don ve TAOS"))) -> Chỉ TAOS có data
A15: Nến Thơm Cao Cấp Thư Giãn Dễ Ngủ Với Nhiều Hương, Cốc Thủy Tinh & Xi Măng Size 200g | B15: =SUMIFS('Raw Data - Sản phẩm'!$F:$F,'Raw Data - Sản phẩm'!$D:$D,"Nến Thơm Cao Cấp Thư Giãn Dễ Ngủ Với Nhiều Hương, Cốc Thủy Tinh & Xi Măng Size 200g",'Raw Data - Sản phẩm'!$B:$B,"Aroma Story - Góc Hương Thơm",'Raw Data - Sản phẩm'!$A:$A,">="&DATE(2026,7,1),'Raw Data - Sản phẩm'!$A:$A,"<="&DATE(2026,7,7)) -> 1618746 | C15: =SUMIFS('Raw Data - Sản phẩm'!$G:$G,'Raw Data - Sản phẩm'!$D:$D,"Nến Thơm Cao Cấp Thư Giãn Dễ Ngủ Với Nhiều Hương, Cốc Thủy Tinh & Xi Măng Size 200g",'Raw Data - Sản phẩm'!$B:$B,"Aroma Story - Góc Hương Thơm",'Raw Data - Sản phẩm'!$A:$A,">="&DATE(2026,7,1),'Raw Data - Sản phẩm'!$A:$A,"<="&DATE(2026,7,7)) -> 6601458 | D15: =IF(B15=0,0,C15/B15) -> 4.0781308 | E15: =IF(B15=0,0,D15*(1-'Phí sàn theo shop'!$D$2)) -> 3.114003 | F15: =SUMIFS('Raw Data - Sản phẩm'!$F:$F,'Raw Data - Sản phẩm'!$D:$D,"Nến Thơm Cao Cấp Thư Giãn Dễ Ngủ Với Nhiều Hương, Cốc Thủy Tinh & Xi Măng Size 200g",'Raw Data - Sản phẩm'!$B:$B,"Aroma Story - The Art Of Scent",'Raw Data - Sản phẩm'!$A:$A,">="&DATE(2026,7,1),'Raw Data - Sản phẩm'!$A:$A,"<="&DATE(2026,7,7)) -> 0 | G15: =SUMIFS('Raw Data - Sản phẩm'!$G:$G,'Raw Data - Sản phẩm'!$D:$D,"Nến Thơm Cao Cấp Thư Giãn Dễ Ngủ Với Nhiều Hương, Cốc Thủy Tinh & Xi Măng Size 200g",'Raw Data - Sản phẩm'!$B:$B,"Aroma Story - The Art Of Scent",'Raw Data - Sản phẩm'!$A:$A,">="&DATE(2026,7,1),'Raw Data - Sản phẩm'!$A:$A,"<="&DATE(2026,7,7)) -> 0 | H15: =IF(F15=0,0,G15/F15) -> 0 | I15: =IF(F15=0,0,H15*(1-'Phí sàn theo shop'!$D$3)) -> 0 | J15: =IF(OR(B15=0,F15=0),IF(B15=0,"Chỉ TAOS có data",IF(F15=0,"Chỉ GHT có data","-")),IF(ABS(E15-I15)/MAX(E15,I15)<0.03,"Ngang nhau -> uu tien GHT",IF(E15>I15,"Don ve GHT","Don ve TAOS"))) -> Chỉ GHT có data
A16: Nến Thơm Quà Tặng Aroma Story Cho Bạn Bè, Người Yêu Nhân Dịp Sinh Nhật, Kỷ Niệm Và Tốt Nghiệp | B16: =SUMIFS('Raw Data - Sản phẩm'!$F:$F,'Raw Data - Sản phẩm'!$D:$D,"Nến Thơm Quà Tặng Aroma Story Cho Bạn Bè, Người Yêu Nhân Dịp Sinh Nhật, Kỷ Niệm Và Tốt Nghiệp",'Raw Data - Sản phẩm'!$B:$B,"Aroma Story - Góc Hương Thơm",'Raw Data - Sản phẩm'!$A:$A,">="&DATE(2026,7,1),'Raw Data - Sản phẩm'!$A:$A,"<="&DATE(2026,7,7)) -> 0 | C16: =SUMIFS('Raw Data - Sản phẩm'!$G:$G,'Raw Data - Sản phẩm'!$D:$D,"Nến Thơm Quà Tặng Aroma Story Cho Bạn Bè, Người Yêu Nhân Dịp Sinh Nhật, Kỷ Niệm Và Tốt Nghiệp",'Raw Data - Sản phẩm'!$B:$B,"Aroma Story - Góc Hương Thơm",'Raw Data - Sản phẩm'!$A:$A,">="&DATE(2026,7,1),'Raw Data - Sản phẩm'!$A:$A,"<="&DATE(2026,7,7)) -> 0 | D16: =IF(B16=0,0,C16/B16) -> 0 | E16: =IF(B16=0,0,D16*(1-'Phí sàn theo shop'!$D$2)) -> 0 | F16: =SUMIFS('Raw Data - Sản phẩm'!$F:$F,'Raw Data - Sản phẩm'!$D:$D,"Nến Thơm Quà Tặng Aroma Story Cho Bạn Bè, Người Yêu Nhân Dịp Sinh Nhật, Kỷ Niệm Và Tốt Nghiệp",'Raw Data - Sản phẩm'!$B:$B,"Aroma Story - The Art Of Scent",'Raw Data - Sản phẩm'!$A:$A,">="&DATE(2026,7,1),'Raw Data - Sản phẩm'!$A:$A,"<="&DATE(2026,7,7)) -> 0 | G16: =SUMIFS('Raw Data - Sản phẩm'!$G:$G,'Raw Data - Sản phẩm'!$D:$D,"Nến Thơm Quà Tặng Aroma Story Cho Bạn Bè, Người Yêu Nhân Dịp Sinh Nhật, Kỷ Niệm Và Tốt Nghiệp",'Raw Data - Sản phẩm'!$B:$B,"Aroma Story - The Art Of Scent",'Raw Data - Sản phẩm'!$A:$A,">="&DATE(2026,7,1),'Raw Data - Sản phẩm'!$A:$A,"<="&DATE(2026,7,7)) -> 0 | H16: =IF(F16=0,0,G16/F16) -> 0 | I16: =IF(F16=0,0,H16*(1-'Phí sàn theo shop'!$D$3)) -> 0 | J16: =IF(OR(B16=0,F16=0),IF(B16=0,"Chỉ TAOS có data",IF(F16=0,"Chỉ GHT có data","-")),IF(ABS(E16-I16)/MAX(E16,I16)<0.03,"Ngang nhau -> uu tien GHT",IF(E16>I16,"Don ve GHT","Don ve TAOS"))) -> Chỉ TAOS có data
A17: Nến Thơm Quà Tặng Aroma Story Dành Tặng Dịp Sinh Nhật, Kỷ Niệm Cho Nữ, Nam Người Thân Và Bạn Bè | B17: =SUMIFS('Raw Data - Sản phẩm'!$F:$F,'Raw Data - Sản phẩm'!$D:$D,"Nến Thơm Quà Tặng Aroma Story Dành Tặng Dịp Sinh Nhật, Kỷ Niệm Cho Nữ, Nam Người Thân Và Bạn Bè",'Raw Data - Sản phẩm'!$B:$B,"Aroma Story - Góc Hương Thơm",'Raw Data - Sản phẩm'!$A:$A,">="&DATE(2026,7,1),'Raw Data - Sản phẩm'!$A:$A,"<="&DATE(2026,7,7)) -> 0 | C17: =SUMIFS('Raw Data - Sản phẩm'!$G:$G,'Raw Data - Sản phẩm'!$D:$D,"Nến Thơm Quà Tặng Aroma Story Dành Tặng Dịp Sinh Nhật, Kỷ Niệm Cho Nữ, Nam Người Thân Và Bạn Bè",'Raw Data - Sản phẩm'!$B:$B,"Aroma Story - Góc Hương Thơm",'Raw Data - Sản phẩm'!$A:$A,">="&DATE(2026,7,1),'Raw Data - Sản phẩm'!$A:$A,"<="&DATE(2026,7,7)) -> 0 | D17: =IF(B17=0,0,C17/B17) -> 0 | E17: =IF(B17=0,0,D17*(1-'Phí sàn theo shop'!$D$2)) -> 0 | F17: =SUMIFS('Raw Data - Sản phẩm'!$F:$F,'Raw Data - Sản phẩm'!$D:$D,"Nến Thơm Quà Tặng Aroma Story Dành Tặng Dịp Sinh Nhật, Kỷ Niệm Cho Nữ, Nam Người Thân Và Bạn Bè",'Raw Data - Sản phẩm'!$B:$B,"Aroma Story - The Art Of Scent",'Raw Data - Sản phẩm'!$A:$A,">="&DATE(2026,7,1),'Raw Data - Sản phẩm'!$A:$A,"<="&DATE(2026,7,7)) -> 0 | G17: =SUMIFS('Raw Data - Sản phẩm'!$G:$G,'Raw Data - Sản phẩm'!$D:$D,"Nến Thơm Quà Tặng Aroma Story Dành Tặng Dịp Sinh Nhật, Kỷ Niệm Cho Nữ, Nam Người Thân Và Bạn Bè",'Raw Data - Sản phẩm'!$B:$B,"Aroma Story - The Art Of Scent",'Raw Data - Sản phẩm'!$A:$A,">="&DATE(2026,7,1),'Raw Data - Sản phẩm'!$A:$A,"<="&DATE(2026,7,7)) -> 0 | H17: =IF(F17=0,0,G17/F17) -> 0 | I17: =IF(F17=0,0,H17*(1-'Phí sàn theo shop'!$D$3)) -> 0 | J17: =IF(OR(B17=0,F17=0),IF(B17=0,"Chỉ TAOS có data",IF(F17=0,"Chỉ GHT có data","-")),IF(ABS(E17-I17)/MAX(E17,I17)<0.03,"Ngang nhau -> uu tien GHT",IF(E17>I17,"Don ve GHT","Don ve TAOS"))) -> Chỉ TAOS có data
A18: Nến Thơm Thiên Nhiên Bộ Sưu Tập Little Things Aroma Story Size 50g | B18: =SUMIFS('Raw Data - Sản phẩm'!$F:$F,'Raw Data - Sản phẩm'!$D:$D,"Nến Thơm Thiên Nhiên Bộ Sưu Tập Little Things Aroma Story Size 50g",'Raw Data - Sản phẩm'!$B:$B,"Aroma Story - Góc Hương Thơm",'Raw Data - Sản phẩm'!$A:$A,">="&DATE(2026,7,1),'Raw Data - Sản phẩm'!$A:$A,"<="&DATE(2026,7,7)) -> 821314 | C18: =SUMIFS('Raw Data - Sản phẩm'!$G:$G,'Raw Data - Sản phẩm'!$D:$D,"Nến Thơm Thiên Nhiên Bộ Sưu Tập Little Things Aroma Story Size 50g",'Raw Data - Sản phẩm'!$B:$B,"Aroma Story - Góc Hương Thơm",'Raw Data - Sản phẩm'!$A:$A,">="&DATE(2026,7,1),'Raw Data - Sản phẩm'!$A:$A,"<="&DATE(2026,7,7)) -> 3721118 | D18: =IF(B18=0,0,C18/B18) -> 4.5306886 | E18: =IF(B18=0,0,D18*(1-'Phí sàn theo shop'!$D$2)) -> 3.4595697 | F18: =SUMIFS('Raw Data - Sản phẩm'!$F:$F,'Raw Data - Sản phẩm'!$D:$D,"Nến Thơm Thiên Nhiên Bộ Sưu Tập Little Things Aroma Story Size 50g",'Raw Data - Sản phẩm'!$B:$B,"Aroma Story - The Art Of Scent",'Raw Data - Sản phẩm'!$A:$A,">="&DATE(2026,7,1),'Raw Data - Sản phẩm'!$A:$A,"<="&DATE(2026,7,7)) -> 16061 | G18: =SUMIFS('Raw Data - Sản phẩm'!$G:$G,'Raw Data - Sản phẩm'!$D:$D,"Nến Thơm Thiên Nhiên Bộ Sưu Tập Little Things Aroma Story Size 50g",'Raw Data - Sản phẩm'!$B:$B,"Aroma Story - The Art Of Scent",'Raw Data - Sản phẩm'!$A:$A,">="&DATE(2026,7,1),'Raw Data - Sản phẩm'!$A:$A,"<="&DATE(2026,7,7)) -> 0 | H18: =IF(F18=0,0,G18/F18) -> 0 | I18: =IF(F18=0,0,H18*(1-'Phí sàn theo shop'!$D$3)) -> 0 | J18: =IF(OR(B18=0,F18=0),IF(B18=0,"Chỉ TAOS có data",IF(F18=0,"Chỉ GHT có data","-")),IF(ABS(E18-I18)/MAX(E18,I18)<0.03,"Ngang nhau -> uu tien GHT",IF(E18>I18,"Don ve GHT","Don ve TAOS"))) -> Don ve GHT
A19: SET Quà "NẾN THƠM KHẮC TÊN THEO YÊU CẦU" Aroma Story, Dùng Làm Quà Tặng Dịp Đặc Biệt, Sinh Nhật, 20/10, Tốt Nghiệp,... | B19: =SUMIFS('Raw Data - Sản phẩm'!$F:$F,'Raw Data - Sản phẩm'!$D:$D,"SET Quà ""NẾN THƠM KHẮC TÊN THEO YÊU CẦU"" Aroma Story, Dùng Làm Quà Tặng Dịp Đặc Biệt, Sinh Nhật, 20/10, Tốt Nghiệp,...",'Raw Data - Sản phẩm'!$B:$B,"Aroma Story - Góc Hương Thơm",'Raw Data - Sản phẩm'!$A:$A,">="&DATE(2026,7,1),'Raw Data - Sản phẩm'!$A:$A,"<="&DATE(2026,7,7)) -> 0 | C19: =SUMIFS('Raw Data - Sản phẩm'!$G:$G,'Raw Data - Sản phẩm'!$D:$D,"SET Quà ""NẾN THƠM KHẮC TÊN THEO YÊU CẦU"" Aroma Story, Dùng Làm Quà Tặng Dịp Đặc Biệt, Sinh Nhật, 20/10, Tốt Nghiệp,...",'Raw Data - Sản phẩm'!$B:$B,"Aroma Story - Góc Hương Thơm",'Raw Data - Sản phẩm'!$A:$A,">="&DATE(2026,7,1),'Raw Data - Sản phẩm'!$A:$A,"<="&DATE(2026,7,7)) -> 0 | D19: =IF(B19=0,0,C19/B19) -> 0 | E19: =IF(B19=0,0,D19*(1-'Phí sàn theo shop'!$D$2)) -> 0 | F19: =SUMIFS('Raw Data - Sản phẩm'!$F:$F,'Raw Data - Sản phẩm'!$D:$D,"SET Quà ""NẾN THƠM KHẮC TÊN THEO YÊU CẦU"" Aroma Story, Dùng Làm Quà Tặng Dịp Đặc Biệt, Sinh Nhật, 20/10, Tốt Nghiệp,...",'Raw Data - Sản phẩm'!$B:$B,"Aroma Story - The Art Of Scent",'Raw Data - Sản phẩm'!$A:$A,">="&DATE(2026,7,1),'Raw Data - Sản phẩm'!$A:$A,"<="&DATE(2026,7,7)) -> 2153529 | G19: =SUMIFS('Raw Data - Sản phẩm'!$G:$G,'Raw Data - Sản phẩm'!$D:$D,"SET Quà ""NẾN THƠM KHẮC TÊN THEO YÊU CẦU"" Aroma Story, Dùng Làm Quà Tặng Dịp Đặc Biệt, Sinh Nhật, 20/10, Tốt Nghiệp,...",'Raw Data - Sản phẩm'!$B:$B,"Aroma Story - The Art Of Scent",'Raw Data - Sản phẩm'!$A:$A,">="&DATE(2026,7,1),'Raw Data - Sản phẩm'!$A:$A,"<="&DATE(2026,7,7)) -> 11462040 | H19: =IF(F19=0,0,G19/F19) -> 5.3224452 | I19: =IF(F19=0,0,H19*(1-'Phí sàn theo shop'!$D$3)) -> 3.6677443 | J19: =IF(OR(B19=0,F19=0),IF(B19=0,"Chỉ TAOS có data",IF(F19=0,"Chỉ GHT có data","-")),IF(ABS(E19-I19)/MAX(E19,I19)<0.03,"Ngang nhau -> uu tien GHT",IF(E19>I19,"Don ve GHT","Don ve TAOS"))) -> Chỉ TAOS có data
A20: Set Quà Nến Thơm Aroma Story Kèm Phụ Kiện - Quà Sinh Nhật, Kỷ Niệm, Tặng Người Yêu, Bạn Bè | B20: =SUMIFS('Raw Data - Sản phẩm'!$F:$F,'Raw Data - Sản phẩm'!$D:$D,"Set Quà Nến Thơm Aroma Story Kèm Phụ Kiện - Quà Sinh Nhật, Kỷ Niệm, Tặng Người Yêu, Bạn Bè",'Raw Data - Sản phẩm'!$B:$B,"Aroma Story - Góc Hương Thơm",'Raw Data - Sản phẩm'!$A:$A,">="&DATE(2026,7,1),'Raw Data - Sản phẩm'!$A:$A,"<="&DATE(2026,7,7)) -> 0 | C20: =SUMIFS('Raw Data - Sản phẩm'!$G:$G,'Raw Data - Sản phẩm'!$D:$D,"Set Quà Nến Thơm Aroma Story Kèm Phụ Kiện - Quà Sinh Nhật, Kỷ Niệm, Tặng Người Yêu, Bạn Bè",'Raw Data - Sản phẩm'!$B:$B,"Aroma Story - Góc Hương Thơm",'Raw Data - Sản phẩm'!$A:$A,">="&DATE(2026,7,1),'Raw Data - Sản phẩm'!$A:$A,"<="&DATE(2026,7,7)) -> 0 | D20: =IF(B20=0,0,C20/B20) -> 0 | E20: =IF(B20=0,0,D20*(1-'Phí sàn theo shop'!$D$2)) -> 0 | F20: =SUMIFS('Raw Data - Sản phẩm'!$F:$F,'Raw Data - Sản phẩm'!$D:$D,"Set Quà Nến Thơm Aroma Story Kèm Phụ Kiện - Quà Sinh Nhật, Kỷ Niệm, Tặng Người Yêu, Bạn Bè",'Raw Data - Sản phẩm'!$B:$B,"Aroma Story - The Art Of Scent",'Raw Data - Sản phẩm'!$A:$A,">="&DATE(2026,7,1),'Raw Data - Sản phẩm'!$A:$A,"<="&DATE(2026,7,7)) -> 0 | G20: =SUMIFS('Raw Data - Sản phẩm'!$G:$G,'Raw Data - Sản phẩm'!$D:$D,"Set Quà Nến Thơm Aroma Story Kèm Phụ Kiện - Quà Sinh Nhật, Kỷ Niệm, Tặng Người Yêu, Bạn Bè",'Raw Data - Sản phẩm'!$B:$B,"Aroma Story - The Art Of Scent",'Raw Data - Sản phẩm'!$A:$A,">="&DATE(2026,7,1),'Raw Data - Sản phẩm'!$A:$A,"<="&DATE(2026,7,7)) -> 0 | H20: =IF(F20=0,0,G20/F20) -> 0 | I20: =IF(F20=0,0,H20*(1-'Phí sàn theo shop'!$D$3)) -> 0 | J20: =IF(OR(B20=0,F20=0),IF(B20=0,"Chỉ TAOS có data",IF(F20=0,"Chỉ GHT có data","-")),IF(ABS(E20-I20)/MAX(E20,I20)<0.03,"Ngang nhau -> uu tien GHT",IF(E20>I20,"Don ve GHT","Don ve TAOS"))) -> Chỉ TAOS có data
A21: Set Quà Tặng Nến Thơm Aroma Story Dành Tặng Người Yêu, Sinh Nhật, Kỷ Niệm | B21: =SUMIFS('Raw Data - Sản phẩm'!$F:$F,'Raw Data - Sản phẩm'!$D:$D,"Set Quà Tặng Nến Thơm Aroma Story Dành Tặng Người Yêu, Sinh Nhật, Kỷ Niệm",'Raw Data - Sản phẩm'!$B:$B,"Aroma Story - Góc Hương Thơm",'Raw Data - Sản phẩm'!$A:$A,">="&DATE(2026,7,1),'Raw Data - Sản phẩm'!$A:$A,"<="&DATE(2026,7,7)) -> 358850 | C21: =SUMIFS('Raw Data - Sản phẩm'!$G:$G,'Raw Data - Sản phẩm'!$D:$D,"Set Quà Tặng Nến Thơm Aroma Story Dành Tặng Người Yêu, Sinh Nhật, Kỷ Niệm",'Raw Data - Sản phẩm'!$B:$B,"Aroma Story - Góc Hương Thơm",'Raw Data - Sản phẩm'!$A:$A,">="&DATE(2026,7,1),'Raw Data - Sản phẩm'!$A:$A,"<="&DATE(2026,7,7)) -> 1404117 | D21: =IF(B21=0,0,C21/B21) -> 3.9128243 | E21: =IF(B21=0,0,D21*(1-'Phí sàn theo shop'!$D$2)) -> 2.9877772 | F21: =SUMIFS('Raw Data - Sản phẩm'!$F:$F,'Raw Data - Sản phẩm'!$D:$D,"Set Quà Tặng Nến Thơm Aroma Story Dành Tặng Người Yêu, Sinh Nhật, Kỷ Niệm",'Raw Data - Sản phẩm'!$B:$B,"Aroma Story - The Art Of Scent",'Raw Data - Sản phẩm'!$A:$A,">="&DATE(2026,7,1),'Raw Data - Sản phẩm'!$A:$A,"<="&DATE(2026,7,7)) -> 0 | G21: =SUMIFS('Raw Data - Sản phẩm'!$G:$G,'Raw Data - Sản phẩm'!$D:$D,"Set Quà Tặng Nến Thơm Aroma Story Dành Tặng Người Yêu, Sinh Nhật, Kỷ Niệm",'Raw Data - Sản phẩm'!$B:$B,"Aroma Story - The Art Of Scent",'Raw Data - Sản phẩm'!$A:$A,">="&DATE(2026,7,1),'Raw Data - Sản phẩm'!$A:$A,"<="&DATE(2026,7,7)) -> 0 | H21: =IF(F21=0,0,G21/F21) -> 0 | I21: =IF(F21=0,0,H21*(1-'Phí sàn theo shop'!$D$3)) -> 0 | J21: =IF(OR(B21=0,F21=0),IF(B21=0,"Chỉ TAOS có data",IF(F21=0,"Chỉ GHT có data","-")),IF(ABS(E21-I21)/MAX(E21,I21)<0.03,"Ngang nhau -> uu tien GHT",IF(E21>I21,"Don ve GHT","Don ve TAOS"))) -> Chỉ GHT có data
A22: Tinh Dầu Thiên Nhiên Hương Trà Trắng Aroma Story Nguyên Chất – Xông Phòng, Thư Giãn, Ngủ Ngon 10ml | B22: =SUMIFS('Raw Data - Sản phẩm'!$F:$F,'Raw Data - Sản phẩm'!$D:$D,"Tinh Dầu Thiên Nhiên Hương Trà Trắng Aroma Story Nguyên Chất – Xông Phòng, Thư Giãn, Ngủ Ngon 10ml",'Raw Data - Sản phẩm'!$B:$B,"Aroma Story - Góc Hương Thơm",'Raw Data - Sản phẩm'!$A:$A,">="&DATE(2026,7,1),'Raw Data - Sản phẩm'!$A:$A,"<="&DATE(2026,7,7)) -> 0 | C22: =SUMIFS('Raw Data - Sản phẩm'!$G:$G,'Raw Data - Sản phẩm'!$D:$D,"Tinh Dầu Thiên Nhiên Hương Trà Trắng Aroma Story Nguyên Chất – Xông Phòng, Thư Giãn, Ngủ Ngon 10ml",'Raw Data - Sản phẩm'!$B:$B,"Aroma Story - Góc Hương Thơm",'Raw Data - Sản phẩm'!$A:$A,">="&DATE(2026,7,1),'Raw Data - Sản phẩm'!$A:$A,"<="&DATE(2026,7,7)) -> 0 | D22: =IF(B22=0,0,C22/B22) -> 0 | E22: =IF(B22=0,0,D22*(1-'Phí sàn theo shop'!$D$2)) -> 0 | F22: =SUMIFS('Raw Data - Sản phẩm'!$F:$F,'Raw Data - Sản phẩm'!$D:$D,"Tinh Dầu Thiên Nhiên Hương Trà Trắng Aroma Story Nguyên Chất – Xông Phòng, Thư Giãn, Ngủ Ngon 10ml",'Raw Data - Sản phẩm'!$B:$B,"Aroma Story - The Art Of Scent",'Raw Data - Sản phẩm'!$A:$A,">="&DATE(2026,7,1),'Raw Data - Sản phẩm'!$A:$A,"<="&DATE(2026,7,7)) -> 0 | G22: =SUMIFS('Raw Data - Sản phẩm'!$G:$G,'Raw Data - Sản phẩm'!$D:$D,"Tinh Dầu Thiên Nhiên Hương Trà Trắng Aroma Story Nguyên Chất – Xông Phòng, Thư Giãn, Ngủ Ngon 10ml",'Raw Data - Sản phẩm'!$B:$B,"Aroma Story - The Art Of Scent",'Raw Data - Sản phẩm'!$A:$A,">="&DATE(2026,7,1),'Raw Data - Sản phẩm'!$A:$A,"<="&DATE(2026,7,7)) -> 0 | H22: =IF(F22=0,0,G22/F22) -> 0 | I22: =IF(F22=0,0,H22*(1-'Phí sàn theo shop'!$D$3)) -> 0 | J22: =IF(OR(B22=0,F22=0),IF(B22=0,"Chỉ TAOS có data",IF(F22=0,"Chỉ GHT có data","-")),IF(ABS(E22-I22)/MAX(E22,I22)<0.03,"Ngang nhau -> uu tien GHT",IF(E22>I22,"Don ve GHT","Don ve TAOS"))) -> Chỉ TAOS có data
A23: Tinh Dầu Thiên Nhiên Nguyên Chất Aroma Story 10ml – Xông Phòng, Thư Giãn, Ngủ Ngon | B23: =SUMIFS('Raw Data - Sản phẩm'!$F:$F,'Raw Data - Sản phẩm'!$D:$D,"Tinh Dầu Thiên Nhiên Nguyên Chất Aroma Story 10ml – Xông Phòng, Thư Giãn, Ngủ Ngon",'Raw Data - Sản phẩm'!$B:$B,"Aroma Story - Góc Hương Thơm",'Raw Data - Sản phẩm'!$A:$A,">="&DATE(2026,7,1),'Raw Data - Sản phẩm'!$A:$A,"<="&DATE(2026,7,7)) -> 0 | C23: =SUMIFS('Raw Data - Sản phẩm'!$G:$G,'Raw Data - Sản phẩm'!$D:$D,"Tinh Dầu Thiên Nhiên Nguyên Chất Aroma Story 10ml – Xông Phòng, Thư Giãn, Ngủ Ngon",'Raw Data - Sản phẩm'!$B:$B,"Aroma Story - Góc Hương Thơm",'Raw Data - Sản phẩm'!$A:$A,">="&DATE(2026,7,1),'Raw Data - Sản phẩm'!$A:$A,"<="&DATE(2026,7,7)) -> 0 | D23: =IF(B23=0,0,C23/B23) -> 0 | E23: =IF(B23=0,0,D23*(1-'Phí sàn theo shop'!$D$2)) -> 0 | F23: =SUMIFS('Raw Data - Sản phẩm'!$F:$F,'Raw Data - Sản phẩm'!$D:$D,"Tinh Dầu Thiên Nhiên Nguyên Chất Aroma Story 10ml – Xông Phòng, Thư Giãn, Ngủ Ngon",'Raw Data - Sản phẩm'!$B:$B,"Aroma Story - The Art Of Scent",'Raw Data - Sản phẩm'!$A:$A,">="&DATE(2026,7,1),'Raw Data - Sản phẩm'!$A:$A,"<="&DATE(2026,7,7)) -> 0 | G23: =SUMIFS('Raw Data - Sản phẩm'!$G:$G,'Raw Data - Sản phẩm'!$D:$D,"Tinh Dầu Thiên Nhiên Nguyên Chất Aroma Story 10ml – Xông Phòng, Thư Giãn, Ngủ Ngon",'Raw Data - Sản phẩm'!$B:$B,"Aroma Story - The Art Of Scent",'Raw Data - Sản phẩm'!$A:$A,">="&DATE(2026,7,1),'Raw Data - Sản phẩm'!$A:$A,"<="&DATE(2026,7,7)) -> 0 | H23: =IF(F23=0,0,G23/F23) -> 0 | I23: =IF(F23=0,0,H23*(1-'Phí sàn theo shop'!$D$3)) -> 0 | J23: =IF(OR(B23=0,F23=0),IF(B23=0,"Chỉ TAOS có data",IF(F23=0,"Chỉ GHT có data","-")),IF(ABS(E23-I23)/MAX(E23,I23)<0.03,"Ngang nhau -> uu tien GHT",IF(E23>I23,"Don ve GHT","Don ve TAOS"))) -> Chỉ TAOS có data
A24: Tinh Dầu Thơm Xông Phòng Aroma Story 10ml – Hơn 20 Mùi Hương Thiên Nhiên, Thư Giãn & Dễ Ngủ | B24: =SUMIFS('Raw Data - Sản phẩm'!$F:$F,'Raw Data - Sản phẩm'!$D:$D,"Tinh Dầu Thơm Xông Phòng Aroma Story 10ml – Hơn 20 Mùi Hương Thiên Nhiên, Thư Giãn & Dễ Ngủ",'Raw Data - Sản phẩm'!$B:$B,"Aroma Story - Góc Hương Thơm",'Raw Data - Sản phẩm'!$A:$A,">="&DATE(2026,7,1),'Raw Data - Sản phẩm'!$A:$A,"<="&DATE(2026,7,7)) -> 0 | C24: =SUMIFS('Raw Data - Sản phẩm'!$G:$G,'Raw Data - Sản phẩm'!$D:$D,"Tinh Dầu Thơm Xông Phòng Aroma Story 10ml – Hơn 20 Mùi Hương Thiên Nhiên, Thư Giãn & Dễ Ngủ",'Raw Data - Sản phẩm'!$B:$B,"Aroma Story - Góc Hương Thơm",'Raw Data - Sản phẩm'!$A:$A,">="&DATE(2026,7,1),'Raw Data - Sản phẩm'!$A:$A,"<="&DATE(2026,7,7)) -> 0 | D24: =IF(B24=0,0,C24/B24) -> 0 | E24: =IF(B24=0,0,D24*(1-'Phí sàn theo shop'!$D$2)) -> 0 | F24: =SUMIFS('Raw Data - Sản phẩm'!$F:$F,'Raw Data - Sản phẩm'!$D:$D,"Tinh Dầu Thơm Xông Phòng Aroma Story 10ml – Hơn 20 Mùi Hương Thiên Nhiên, Thư Giãn & Dễ Ngủ",'Raw Data - Sản phẩm'!$B:$B,"Aroma Story - The Art Of Scent",'Raw Data - Sản phẩm'!$A:$A,">="&DATE(2026,7,1),'Raw Data - Sản phẩm'!$A:$A,"<="&DATE(2026,7,7)) -> 561845 | G24: =SUMIFS('Raw Data - Sản phẩm'!$G:$G,'Raw Data - Sản phẩm'!$D:$D,"Tinh Dầu Thơm Xông Phòng Aroma Story 10ml – Hơn 20 Mùi Hương Thiên Nhiên, Thư Giãn & Dễ Ngủ",'Raw Data - Sản phẩm'!$B:$B,"Aroma Story - The Art Of Scent",'Raw Data - Sản phẩm'!$A:$A,">="&DATE(2026,7,1),'Raw Data - Sản phẩm'!$A:$A,"<="&DATE(2026,7,7)) -> 2692740 | H24: =IF(F24=0,0,G24/F24) -> 4.7926741 | I24: =IF(F24=0,0,H24*(1-'Phí sàn theo shop'!$D$3)) -> 3.3026744 | J24: =IF(OR(B24=0,F24=0),IF(B24=0,"Chỉ TAOS có data",IF(F24=0,"Chỉ GHT có data","-")),IF(ABS(E24-I24)/MAX(E24,I24)<0.03,"Ngang nhau -> uu tien GHT",IF(E24>I24,"Don ve GHT","Don ve TAOS"))) -> Chỉ TAOS có data
A25: Tinh Dầu Khuếch Tán Aroma Story Hương Trà Trắng Và Trái Sung True Grace Size 50ml/100ml/150ml | B25: =SUMIFS('Raw Data - Sản phẩm'!$F:$F,'Raw Data - Sản phẩm'!$D:$D,"Tinh Dầu Khuếch Tán Aroma Story Hương Trà Trắng Và Trái Sung True Grace Size 50ml/100ml/150ml",'Raw Data - Sản phẩm'!$B:$B,"Aroma Story - Góc Hương Thơm",'Raw Data - Sản phẩm'!$A:$A,">="&DATE(2026,7,1),'Raw Data - Sản phẩm'!$A:$A,"<="&DATE(2026,7,7)) -> 0 | C25: =SUMIFS('Raw Data - Sản phẩm'!$G:$G,'Raw Data - Sản phẩm'!$D:$D,"Tinh Dầu Khuếch Tán Aroma Story Hương Trà Trắng Và Trái Sung True Grace Size 50ml/100ml/150ml",'Raw Data - Sản phẩm'!$B:$B,"Aroma Story - Góc Hương Thơm",'Raw Data - Sản phẩm'!$A:$A,">="&DATE(2026,7,1),'Raw Data - Sản phẩm'!$A:$A,"<="&DATE(2026,7,7)) -> 0 | D25: =IF(B25=0,0,C25/B25) -> 0 | E25: =IF(B25=0,0,D25*(1-'Phí sàn theo shop'!$D$2)) -> 0 | F25: =SUMIFS('Raw Data - Sản phẩm'!$F:$F,'Raw Data - Sản phẩm'!$D:$D,"Tinh Dầu Khuếch Tán Aroma Story Hương Trà Trắng Và Trái Sung True Grace Size 50ml/100ml/150ml",'Raw Data - Sản phẩm'!$B:$B,"Aroma Story - The Art Of Scent",'Raw Data - Sản phẩm'!$A:$A,">="&DATE(2026,7,1),'Raw Data - Sản phẩm'!$A:$A,"<="&DATE(2026,7,7)) -> 615144 | G25: =SUMIFS('Raw Data - Sản phẩm'!$G:$G,'Raw Data - Sản phẩm'!$D:$D,"Tinh Dầu Khuếch Tán Aroma Story Hương Trà Trắng Và Trái Sung True Grace Size 50ml/100ml/150ml",'Raw Data - Sản phẩm'!$B:$B,"Aroma Story - The Art Of Scent",'Raw Data - Sản phẩm'!$A:$A,">="&DATE(2026,7,1),'Raw Data - Sản phẩm'!$A:$A,"<="&DATE(2026,7,7)) -> 3253498 | H25: =IF(F25=0,0,G25/F25) -> 5.2890022 | I25: =IF(F25=0,0,H25*(1-'Phí sàn theo shop'!$D$3)) -> 3.6446985 | J25: =IF(OR(B25=0,F25=0),IF(B25=0,"Chỉ TAOS có data",IF(F25=0,"Chỉ GHT có data","-")),IF(ABS(E25-I25)/MAX(E25,I25)<0.03,"Ngang nhau -> uu tien GHT",IF(E25>I25,"Don ve GHT","Don ve TAOS"))) -> Chỉ TAOS có data
A26: Tinh Dầu Khuếch Tán Thơm Phòng Aroma Story Nhiều Hương Size 50ml/100ml | B26: =SUMIFS('Raw Data - Sản phẩm'!$F:$F,'Raw Data - Sản phẩm'!$D:$D,"Tinh Dầu Khuếch Tán Thơm Phòng Aroma Story Nhiều Hương Size 50ml/100ml",'Raw Data - Sản phẩm'!$B:$B,"Aroma Story - Góc Hương Thơm",'Raw Data - Sản phẩm'!$A:$A,">="&DATE(2026,7,1),'Raw Data - Sản phẩm'!$A:$A,"<="&DATE(2026,7,7)) -> 0 | C26: =SUMIFS('Raw Data - Sản phẩm'!$G:$G,'Raw Data - Sản phẩm'!$D:$D,"Tinh Dầu Khuếch Tán Thơm Phòng Aroma Story Nhiều Hương Size 50ml/100ml",'Raw Data - Sản phẩm'!$B:$B,"Aroma Story - Góc Hương Thơm",'Raw Data - Sản phẩm'!$A:$A,">="&DATE(2026,7,1),'Raw Data - Sản phẩm'!$A:$A,"<="&DATE(2026,7,7)) -> 0 | D26: =IF(B26=0,0,C26/B26) -> 0 | E26: =IF(B26=0,0,D26*(1-'Phí sàn theo shop'!$D$2)) -> 0 | F26: =SUMIFS('Raw Data - Sản phẩm'!$F:$F,'Raw Data - Sản phẩm'!$D:$D,"Tinh Dầu Khuếch Tán Thơm Phòng Aroma Story Nhiều Hương Size 50ml/100ml",'Raw Data - Sản phẩm'!$B:$B,"Aroma Story - The Art Of Scent",'Raw Data - Sản phẩm'!$A:$A,">="&DATE(2026,7,1),'Raw Data - Sản phẩm'!$A:$A,"<="&DATE(2026,7,7)) -> 4714206 | G26: =SUMIFS('Raw Data - Sản phẩm'!$G:$G,'Raw Data - Sản phẩm'!$D:$D,"Tinh Dầu Khuếch Tán Thơm Phòng Aroma Story Nhiều Hương Size 50ml/100ml",'Raw Data - Sản phẩm'!$B:$B,"Aroma Story - The Art Of Scent",'Raw Data - Sản phẩm'!$A:$A,">="&DATE(2026,7,1),'Raw Data - Sản phẩm'!$A:$A,"<="&DATE(2026,7,7)) -> 25270060 | H26: =IF(F26=0,0,G26/F26) -> 5.3604064 | I26: =IF(F26=0,0,H26*(1-'Phí sàn theo shop'!$D$3)) -> 3.6939037 | J26: =IF(OR(B26=0,F26=0),IF(B26=0,"Chỉ TAOS có data",IF(F26=0,"Chỉ GHT có data","-")),IF(ABS(E26-I26)/MAX(E26,I26)<0.03,"Ngang nhau -> uu tien GHT",IF(E26>I26,"Don ve GHT","Don ve TAOS"))) -> Chỉ TAOS có data
A27: Tinh Dầu Khuếch Tán Thơm Phòng Aroma Story Phiên Bản Đặc Biệt Size 50ml/100ml/150ml | B27: =SUMIFS('Raw Data - Sản phẩm'!$F:$F,'Raw Data - Sản phẩm'!$D:$D,"Tinh Dầu Khuếch Tán Thơm Phòng Aroma Story Phiên Bản Đặc Biệt Size 50ml/100ml/150ml",'Raw Data - Sản phẩm'!$B:$B,"Aroma Story - Góc Hương Thơm",'Raw Data - Sản phẩm'!$A:$A,">="&DATE(2026,7,1),'Raw Data - Sản phẩm'!$A:$A,"<="&DATE(2026,7,7)) -> 0 | C27: =SUMIFS('Raw Data - Sản phẩm'!$G:$G,'Raw Data - Sản phẩm'!$D:$D,"Tinh Dầu Khuếch Tán Thơm Phòng Aroma Story Phiên Bản Đặc Biệt Size 50ml/100ml/150ml",'Raw Data - Sản phẩm'!$B:$B,"Aroma Story - Góc Hương Thơm",'Raw Data - Sản phẩm'!$A:$A,">="&DATE(2026,7,1),'Raw Data - Sản phẩm'!$A:$A,"<="&DATE(2026,7,7)) -> 0 | D27: =IF(B27=0,0,C27/B27) -> 0 | E27: =IF(B27=0,0,D27*(1-'Phí sàn theo shop'!$D$2)) -> 0 | F27: =SUMIFS('Raw Data - Sản phẩm'!$F:$F,'Raw Data - Sản phẩm'!$D:$D,"Tinh Dầu Khuếch Tán Thơm Phòng Aroma Story Phiên Bản Đặc Biệt Size 50ml/100ml/150ml",'Raw Data - Sản phẩm'!$B:$B,"Aroma Story - The Art Of Scent",'Raw Data - Sản phẩm'!$A:$A,">="&DATE(2026,7,1),'Raw Data - Sản phẩm'!$A:$A,"<="&DATE(2026,7,7)) -> 0 | G27: =SUMIFS('Raw Data - Sản phẩm'!$G:$G,'Raw Data - Sản phẩm'!$D:$D,"Tinh Dầu Khuếch Tán Thơm Phòng Aroma Story Phiên Bản Đặc Biệt Size 50ml/100ml/150ml",'Raw Data - Sản phẩm'!$B:$B,"Aroma Story - The Art Of Scent",'Raw Data - Sản phẩm'!$A:$A,">="&DATE(2026,7,1),'Raw Data - Sản phẩm'!$A:$A,"<="&DATE(2026,7,7)) -> 0 | H27: =IF(F27=0,0,G27/F27) -> 0 | I27: =IF(F27=0,0,H27*(1-'Phí sàn theo shop'!$D$3)) -> 0 | J27: =IF(OR(B27=0,F27=0),IF(B27=0,"Chỉ TAOS có data",IF(F27=0,"Chỉ GHT có data","-")),IF(ABS(E27-I27)/MAX(E27,I27)<0.03,"Ngang nhau -> uu tien GHT",IF(E27>I27,"Don ve GHT","Don ve TAOS"))) -> Chỉ TAOS có data
A28: Tinh Dầu Nước Hoa Thơm Phòng Cắm Que Khuếch Tán Aroma Story - Size 50ml/100ml | B28: =SUMIFS('Raw Data - Sản phẩm'!$F:$F,'Raw Data - Sản phẩm'!$D:$D,"Tinh Dầu Nước Hoa Thơm Phòng Cắm Que Khuếch Tán Aroma Story - Size 50ml/100ml",'Raw Data - Sản phẩm'!$B:$B,"Aroma Story - Góc Hương Thơm",'Raw Data - Sản phẩm'!$A:$A,">="&DATE(2026,7,1),'Raw Data - Sản phẩm'!$A:$A,"<="&DATE(2026,7,7)) -> 3466476 | C28: =SUMIFS('Raw Data - Sản phẩm'!$G:$G,'Raw Data - Sản phẩm'!$D:$D,"Tinh Dầu Nước Hoa Thơm Phòng Cắm Que Khuếch Tán Aroma Story - Size 50ml/100ml",'Raw Data - Sản phẩm'!$B:$B,"Aroma Story - Góc Hương Thơm",'Raw Data - Sản phẩm'!$A:$A,">="&DATE(2026,7,1),'Raw Data - Sản phẩm'!$A:$A,"<="&DATE(2026,7,7)) -> 18822714 | D28: =IF(B28=0,0,C28/B28) -> 5.4299277 | E28: =IF(B28=0,0,D28*(1-'Phí sàn theo shop'!$D$2)) -> 4.1462159 | F28: =SUMIFS('Raw Data - Sản phẩm'!$F:$F,'Raw Data - Sản phẩm'!$D:$D,"Tinh Dầu Nước Hoa Thơm Phòng Cắm Que Khuếch Tán Aroma Story - Size 50ml/100ml",'Raw Data - Sản phẩm'!$B:$B,"Aroma Story - The Art Of Scent",'Raw Data - Sản phẩm'!$A:$A,">="&DATE(2026,7,1),'Raw Data - Sản phẩm'!$A:$A,"<="&DATE(2026,7,7)) -> 0 | G28: =SUMIFS('Raw Data - Sản phẩm'!$G:$G,'Raw Data - Sản phẩm'!$D:$D,"Tinh Dầu Nước Hoa Thơm Phòng Cắm Que Khuếch Tán Aroma Story - Size 50ml/100ml",'Raw Data - Sản phẩm'!$B:$B,"Aroma Story - The Art Of Scent",'Raw Data - Sản phẩm'!$A:$A,">="&DATE(2026,7,1),'Raw Data - Sản phẩm'!$A:$A,"<="&DATE(2026,7,7)) -> 0 | H28: =IF(F28=0,0,G28/F28) -> 0 | I28: =IF(F28=0,0,H28*(1-'Phí sàn theo shop'!$D$3)) -> 0 | J28: =IF(OR(B28=0,F28=0),IF(B28=0,"Chỉ TAOS có data",IF(F28=0,"Chỉ GHT có data","-")),IF(ABS(E28-I28)/MAX(E28,I28)<0.03,"Ngang nhau -> uu tien GHT",IF(E28>I28,"Don ve GHT","Don ve TAOS"))) -> Chỉ GHT có data
A29: Xịt Thơm Phòng, Quần Áo, Ô Tô Aroma Story – Khử Mùi, Lưu Hương Lâu, Nhiều Hương Size 200ml | B29: =SUMIFS('Raw Data - Sản phẩm'!$F:$F,'Raw Data - Sản phẩm'!$D:$D,"Xịt Thơm Phòng, Quần Áo, Ô Tô Aroma Story – Khử Mùi, Lưu Hương Lâu, Nhiều Hương Size 200ml",'Raw Data - Sản phẩm'!$B:$B,"Aroma Story - Góc Hương Thơm",'Raw Data - Sản phẩm'!$A:$A,">="&DATE(2026,7,1),'Raw Data - Sản phẩm'!$A:$A,"<="&DATE(2026,7,7)) -> 428046 | C29: =SUMIFS('Raw Data - Sản phẩm'!$G:$G,'Raw Data - Sản phẩm'!$D:$D,"Xịt Thơm Phòng, Quần Áo, Ô Tô Aroma Story – Khử Mùi, Lưu Hương Lâu, Nhiều Hương Size 200ml",'Raw Data - Sản phẩm'!$B:$B,"Aroma Story - Góc Hương Thơm",'Raw Data - Sản phẩm'!$A:$A,">="&DATE(2026,7,1),'Raw Data - Sản phẩm'!$A:$A,"<="&DATE(2026,7,7)) -> 1888743 | D29: =IF(B29=0,0,C29/B29) -> 4.4124767 | E29: =IF(B29=0,0,D29*(1-'Phí sàn theo shop'!$D$2)) -> 3.3693047 | F29: =SUMIFS('Raw Data - Sản phẩm'!$F:$F,'Raw Data - Sản phẩm'!$D:$D,"Xịt Thơm Phòng, Quần Áo, Ô Tô Aroma Story – Khử Mùi, Lưu Hương Lâu, Nhiều Hương Size 200ml",'Raw Data - Sản phẩm'!$B:$B,"Aroma Story - The Art Of Scent",'Raw Data - Sản phẩm'!$A:$A,">="&DATE(2026,7,1),'Raw Data - Sản phẩm'!$A:$A,"<="&DATE(2026,7,7)) -> 0 | G29: =SUMIFS('Raw Data - Sản phẩm'!$G:$G,'Raw Data - Sản phẩm'!$D:$D,"Xịt Thơm Phòng, Quần Áo, Ô Tô Aroma Story – Khử Mùi, Lưu Hương Lâu, Nhiều Hương Size 200ml",'Raw Data - Sản phẩm'!$B:$B,"Aroma Story - The Art Of Scent",'Raw Data - Sản phẩm'!$A:$A,">="&DATE(2026,7,1),'Raw Data - Sản phẩm'!$A:$A,"<="&DATE(2026,7,7)) -> 0 | H29: =IF(F29=0,0,G29/F29) -> 0 | I29: =IF(F29=0,0,H29*(1-'Phí sàn theo shop'!$D$3)) -> 0 | J29: =IF(OR(B29=0,F29=0),IF(B29=0,"Chỉ TAOS có data",IF(F29=0,"Chỉ GHT có data","-")),IF(ABS(E29-I29)/MAX(E29,I29)<0.03,"Ngang nhau -> uu tien GHT",IF(E29>I29,"Don ve GHT","Don ve TAOS"))) -> Chỉ GHT có data
A30: TONG - TAT CA ADS (blended) | B30: =SUMIFS('Raw Data - Sản phẩm'!$F:$F,'Raw Data - Sản phẩm'!$B:$B,"Aroma Story - Góc Hương Thơm",'Raw Data - Sản phẩm'!$A:$A,">="&DATE(2026,7,1),'Raw Data - Sản phẩm'!$A:$A,"<="&DATE(2026,7,7)) -> 7126951 | C30: =SUMIFS('Raw Data - Sản phẩm'!$G:$G,'Raw Data - Sản phẩm'!$B:$B,"Aroma Story - Góc Hương Thơm",'Raw Data - Sản phẩm'!$A:$A,">="&DATE(2026,7,1),'Raw Data - Sản phẩm'!$A:$A,"<="&DATE(2026,7,7)) -> 34405907 | D30: =IF(B30=0,0,C30/B30) -> 4.8275773 | E30: =IF(B30=0,0,D30*(1-'Phí sàn theo shop'!$D$2)) -> 3.6862697 | F30: =SUMIFS('Raw Data - Sản phẩm'!$F:$F,'Raw Data - Sản phẩm'!$B:$B,"Aroma Story - The Art Of Scent",'Raw Data - Sản phẩm'!$A:$A,">="&DATE(2026,7,1),'Raw Data - Sản phẩm'!$A:$A,"<="&DATE(2026,7,7)) -> 10088511 | G30: =SUMIFS('Raw Data - Sản phẩm'!$G:$G,'Raw Data - Sản phẩm'!$B:$B,"Aroma Story - The Art Of Scent",'Raw Data - Sản phẩm'!$A:$A,">="&DATE(2026,7,1),'Raw Data - Sản phẩm'!$A:$A,"<="&DATE(2026,7,7)) -> 52984141 | H30: =IF(F30=0,0,G30/F30) -> 5.2519288 | I30: =IF(F30=0,0,H30*(1-'Phí sàn theo shop'!$D$3)) -> 3.6191508
A32: KHUNG 30 NGÀY (2026-06-08 -> 2026-07-07)
A33: San pham | B33: GOC HUONG THOM | F33: THE ART OF SCENT | J33: Khuyen nghi
B34: Chi phi | C34: Doanh so | D34: ROAS | E34: ROAS sau phi | F34: Chi phi | G34: Doanh so | H34: ROAS | I34: ROAS sau phi
A35: Bộ Sản Phẩm Tinh Dầu Cà Phê & Lọ Tán Hương Aroma Story – Hương Thơm Tự Nhiên, Giúp Tập Trung & Thư Giãn | B35: =SUMIFS('Raw Data - Sản phẩm'!$F:$F,'Raw Data - Sản phẩm'!$D:$D,"Bộ Sản Phẩm Tinh Dầu Cà Phê & Lọ Tán Hương Aroma Story – Hương Thơm Tự Nhiên, Giúp Tập Trung & Thư Giãn",'Raw Data - Sản phẩm'!$B:$B,"Aroma Story - Góc Hương Thơm",'Raw Data - Sản phẩm'!$A:$A,">="&DATE(2026,6,8),'Raw Data - Sản phẩm'!$A:$A,"<="&DATE(2026,7,7)) -> 0 | C35: =SUMIFS('Raw Data - Sản phẩm'!$G:$G,'Raw Data - Sản phẩm'!$D:$D,"Bộ Sản Phẩm Tinh Dầu Cà Phê & Lọ Tán Hương Aroma Story – Hương Thơm Tự Nhiên, Giúp Tập Trung & Thư Giãn",'Raw Data - Sản phẩm'!$B:$B,"Aroma Story - Góc Hương Thơm",'Raw Data - Sản phẩm'!$A:$A,">="&DATE(2026,6,8),'Raw Data - Sản phẩm'!$A:$A,"<="&DATE(2026,7,7)) -> 0 | D35: =IF(B35=0,0,C35/B35) -> 0 | E35: =IF(B35=0,0,D35*(1-'Phí sàn theo shop'!$D$2)) -> 0 | F35: =SUMIFS('Raw Data - Sản phẩm'!$F:$F,'Raw Data - Sản phẩm'!$D:$D,"Bộ Sản Phẩm Tinh Dầu Cà Phê & Lọ Tán Hương Aroma Story – Hương Thơm Tự Nhiên, Giúp Tập Trung & Thư Giãn",'Raw Data - Sản phẩm'!$B:$B,"Aroma Story - The Art Of Scent",'Raw Data - Sản phẩm'!$A:$A,">="&DATE(2026,6,8),'Raw Data - Sản phẩm'!$A:$A,"<="&DATE(2026,7,7)) -> 0 | G35: =SUMIFS('Raw Data - Sản phẩm'!$G:$G,'Raw Data - Sản phẩm'!$D:$D,"Bộ Sản Phẩm Tinh Dầu Cà Phê & Lọ Tán Hương Aroma Story – Hương Thơm Tự Nhiên, Giúp Tập Trung & Thư Giãn",'Raw Data - Sản phẩm'!$B:$B,"Aroma Story - The Art Of Scent",'Raw Data - Sản phẩm'!$A:$A,">="&DATE(2026,6,8),'Raw Data - Sản phẩm'!$A:$A,"<="&DATE(2026,7,7)) -> 0 | H35: =IF(F35=0,0,G35/F35) -> 0 | I35: =IF(F35=0,0,H35*(1-'Phí sàn theo shop'!$D$3)) -> 0 | J35: =IF(OR(B35=0,F35=0),IF(B35=0,"Chỉ TAOS có data",IF(F35=0,"Chỉ GHT có data","-")),IF(ABS(E35-I35)/MAX(E35,I35)<0.03,"Ngang nhau -> uu tien GHT",IF(E35>I35,"Don ve GHT","Don ve TAOS"))) -> Chỉ TAOS có data
A36: BST Nước Hoa Nam Aroma Story EDP 30ml – Hương Thơm Nam Tính, Cuốn Hút | B36: =SUMIFS('Raw Data - Sản phẩm'!$F:$F,'Raw Data - Sản phẩm'!$D:$D,"BST Nước Hoa Nam Aroma Story EDP 30ml – Hương Thơm Nam Tính, Cuốn Hút",'Raw Data - Sản phẩm'!$B:$B,"Aroma Story - Góc Hương Thơm",'Raw Data - Sản phẩm'!$A:$A,">="&DATE(2026,6,8),'Raw Data - Sản phẩm'!$A:$A,"<="&DATE(2026,7,7)) -> 509866 | C36: =SUMIFS('Raw Data - Sản phẩm'!$G:$G,'Raw Data - Sản phẩm'!$D:$D,"BST Nước Hoa Nam Aroma Story EDP 30ml – Hương Thơm Nam Tính, Cuốn Hút",'Raw Data - Sản phẩm'!$B:$B,"Aroma Story - Góc Hương Thơm",'Raw Data - Sản phẩm'!$A:$A,">="&DATE(2026,6,8),'Raw Data - Sản phẩm'!$A:$A,"<="&DATE(2026,7,7)) -> 1092284 | D36: =IF(B36=0,0,C36/B36) -> 2.1422962 | E36: =IF(B36=0,0,D36*(1-'Phí sàn theo shop'!$D$2)) -> 1.635827 | F36: =SUMIFS('Raw Data - Sản phẩm'!$F:$F,'Raw Data - Sản phẩm'!$D:$D,"BST Nước Hoa Nam Aroma Story EDP 30ml – Hương Thơm Nam Tính, Cuốn Hút",'Raw Data - Sản phẩm'!$B:$B,"Aroma Story - The Art Of Scent",'Raw Data - Sản phẩm'!$A:$A,">="&DATE(2026,6,8),'Raw Data - Sản phẩm'!$A:$A,"<="&DATE(2026,7,7)) -> 0 | G36: =SUMIFS('Raw Data - Sản phẩm'!$G:$G,'Raw Data - Sản phẩm'!$D:$D,"BST Nước Hoa Nam Aroma Story EDP 30ml – Hương Thơm Nam Tính, Cuốn Hút",'Raw Data - Sản phẩm'!$B:$B,"Aroma Story - The Art Of Scent",'Raw Data - Sản phẩm'!$A:$A,">="&DATE(2026,6,8),'Raw Data - Sản phẩm'!$A:$A,"<="&DATE(2026,7,7)) -> 0 | H36: =IF(F36=0,0,G36/F36) -> 0 | I36: =IF(F36=0,0,H36*(1-'Phí sàn theo shop'!$D$3)) -> 0 | J36: =IF(OR(B36=0,F36=0),IF(B36=0,"Chỉ TAOS có data",IF(F36=0,"Chỉ GHT có data","-")),IF(ABS(E36-I36)/MAX(E36,I36)<0.03,"Ngang nhau -> uu tien GHT",IF(E36>I36,"Don ve GHT","Don ve TAOS"))) -> Chỉ GHT có data
A37: BST Nước Hoa Nữ Aroma Story EDP 30ml – Hương Thơm, Nữ Tính, Thanh Lịch | B37: =SUMIFS('Raw Data - Sản phẩm'!$F:$F,'Raw Data - Sản phẩm'!$D:$D,"BST Nước Hoa Nữ Aroma Story EDP 30ml – Hương Thơm, Nữ Tính, Thanh Lịch",'Raw Data - Sản phẩm'!$B:$B,"Aroma Story - Góc Hương Thơm",'Raw Data - Sản phẩm'!$A:$A,">="&DATE(2026,6,8),'Raw Data - Sản phẩm'!$A:$A,"<="&DATE(2026,7,7)) -> 387361 | C37: =SUMIFS('Raw Data - Sản phẩm'!$G:$G,'Raw Data - Sản phẩm'!$D:$D,"BST Nước Hoa Nữ Aroma Story EDP 30ml – Hương Thơm, Nữ Tính, Thanh Lịch",'Raw Data - Sản phẩm'!$B:$B,"Aroma Story - Góc Hương Thơm",'Raw Data - Sản phẩm'!$A:$A,">="&DATE(2026,6,8),'Raw Data - Sản phẩm'!$A:$A,"<="&DATE(2026,7,7)) -> 1145800 | D37: =IF(B37=0,0,C37/B37) -> 2.9579643 | E37: =IF(B37=0,0,D37*(1-'Phí sàn theo shop'!$D$2)) -> 2.2586596 | F37: =SUMIFS('Raw Data - Sản phẩm'!$F:$F,'Raw Data - Sản phẩm'!$D:$D,"BST Nước Hoa Nữ Aroma Story EDP 30ml – Hương Thơm, Nữ Tính, Thanh Lịch",'Raw Data - Sản phẩm'!$B:$B,"Aroma Story - The Art Of Scent",'Raw Data - Sản phẩm'!$A:$A,">="&DATE(2026,6,8),'Raw Data - Sản phẩm'!$A:$A,"<="&DATE(2026,7,7)) -> 0 | G37: =SUMIFS('Raw Data - Sản phẩm'!$G:$G,'Raw Data - Sản phẩm'!$D:$D,"BST Nước Hoa Nữ Aroma Story EDP 30ml – Hương Thơm, Nữ Tính, Thanh Lịch",'Raw Data - Sản phẩm'!$B:$B,"Aroma Story - The Art Of Scent",'Raw Data - Sản phẩm'!$A:$A,">="&DATE(2026,6,8),'Raw Data - Sản phẩm'!$A:$A,"<="&DATE(2026,7,7)) -> 0 | H37: =IF(F37=0,0,G37/F37) -> 0 | I37: =IF(F37=0,0,H37*(1-'Phí sàn theo shop'!$D$3)) -> 0 | J37: =IF(OR(B37=0,F37=0),IF(B37=0,"Chỉ TAOS có data",IF(F37=0,"Chỉ GHT có data","-")),IF(ABS(E37-I37)/MAX(E37,I37)<0.03,"Ngang nhau -> uu tien GHT",IF(E37>I37,"Don ve GHT","Don ve TAOS"))) -> Chỉ GHT có data
A38: Nước Hoa Nữ Very Good Girl Aroma Story EDP 30ml – Hương Hoa Ngọt Ngào, Quyến Rũ | B38: =SUMIFS('Raw Data - Sản phẩm'!$F:$F,'Raw Data - Sản phẩm'!$D:$D,"Nước Hoa Nữ Very Good Girl Aroma Story EDP 30ml – Hương Hoa Ngọt Ngào, Quyến Rũ",'Raw Data - Sản phẩm'!$B:$B,"Aroma Story - Góc Hương Thơm",'Raw Data - Sản phẩm'!$A:$A,">="&DATE(2026,6,8),'Raw Data - Sản phẩm'!$A:$A,"<="&DATE(2026,7,7)) -> 177712 | C38: =SUMIFS('Raw Data - Sản phẩm'!$G:$G,'Raw Data - Sản phẩm'!$D:$D,"Nước Hoa Nữ Very Good Girl Aroma Story EDP 30ml – Hương Hoa Ngọt Ngào, Quyến Rũ",'Raw Data - Sản phẩm'!$B:$B,"Aroma Story - Góc Hương Thơm",'Raw Data - Sản phẩm'!$A:$A,">="&DATE(2026,6,8),'Raw Data - Sản phẩm'!$A:$A,"<="&DATE(2026,7,7)) -> 269441 | D38: =IF(B38=0,0,C38/B38) -> 1.5161666 | E38: =IF(B38=0,0,D38*(1-'Phí sàn theo shop'!$D$2)) -> 1.1577233 | F38: =SUMIFS('Raw Data - Sản phẩm'!$F:$F,'Raw Data - Sản phẩm'!$D:$D,"Nước Hoa Nữ Very Good Girl Aroma Story EDP 30ml – Hương Hoa Ngọt Ngào, Quyến Rũ",'Raw Data - Sản phẩm'!$B:$B,"Aroma Story - The Art Of Scent",'Raw Data - Sản phẩm'!$A:$A,">="&DATE(2026,6,8),'Raw Data - Sản phẩm'!$A:$A,"<="&DATE(2026,7,7)) -> 0 | G38: =SUMIFS('Raw Data - Sản phẩm'!$G:$G,'Raw Data - Sản phẩm'!$D:$D,"Nước Hoa Nữ Very Good Girl Aroma Story EDP 30ml – Hương Hoa Ngọt Ngào, Quyến Rũ",'Raw Data - Sản phẩm'!$B:$B,"Aroma Story - The Art Of Scent",'Raw Data - Sản phẩm'!$A:$A,">="&DATE(2026,6,8),'Raw Data - Sản phẩm'!$A:$A,"<="&DATE(2026,7,7)) -> 0 | H38: =IF(F38=0,0,G38/F38) -> 0 | I38: =IF(F38=0,0,H38*(1-'Phí sàn theo shop'!$D$3)) -> 0 | J38: =IF(OR(B38=0,F38=0),IF(B38=0,"Chỉ TAOS có data",IF(F38=0,"Chỉ GHT có data","-")),IF(ABS(E38-I38)/MAX(E38,I38)<0.03,"Ngang nhau -> uu tien GHT",IF(E38>I38,"Don ve GHT","Don ve TAOS"))) -> Chỉ GHT có data
A39: Nước Hoa Tóc Aroma Story Giúp Thơm Mượt Tóc, Tránh Bết, Khử Mùi, Size 10ml/100ml | B39: =SUMIFS('Raw Data - Sản phẩm'!$F:$F,'Raw Data - Sản phẩm'!$D:$D,"Nước Hoa Tóc Aroma Story Giúp Thơm Mượt Tóc, Tránh Bết, Khử Mùi, Size 10ml/100ml",'Raw Data - Sản phẩm'!$B:$B,"Aroma Story - Góc Hương Thơm",'Raw Data - Sản phẩm'!$A:$A,">="&DATE(2026,6,8),'Raw Data - Sản phẩm'!$A:$A,"<="&DATE(2026,7,7)) -> 624672 | C39: =SUMIFS('Raw Data - Sản phẩm'!$G:$G,'Raw Data - Sản phẩm'!$D:$D,"Nước Hoa Tóc Aroma Story Giúp Thơm Mượt Tóc, Tránh Bết, Khử Mùi, Size 10ml/100ml",'Raw Data - Sản phẩm'!$B:$B,"Aroma Story - Góc Hương Thơm",'Raw Data - Sản phẩm'!$A:$A,">="&DATE(2026,6,8),'Raw Data - Sản phẩm'!$A:$A,"<="&DATE(2026,7,7)) -> 3098224 | D39: =IF(B39=0,0,C39/B39) -> 4.9597613 | E39: =IF(B39=0,0,D39*(1-'Phí sàn theo shop'!$D$2)) -> 3.7872035 | F39: =SUMIFS('Raw Data - Sản phẩm'!$F:$F,'Raw Data - Sản phẩm'!$D:$D,"Nước Hoa Tóc Aroma Story Giúp Thơm Mượt Tóc, Tránh Bết, Khử Mùi, Size 10ml/100ml",'Raw Data - Sản phẩm'!$B:$B,"Aroma Story - The Art Of Scent",'Raw Data - Sản phẩm'!$A:$A,">="&DATE(2026,6,8),'Raw Data - Sản phẩm'!$A:$A,"<="&DATE(2026,7,7)) -> 0 | G39: =SUMIFS('Raw Data - Sản phẩm'!$G:$G,'Raw Data - Sản phẩm'!$D:$D,"Nước Hoa Tóc Aroma Story Giúp Thơm Mượt Tóc, Tránh Bết, Khử Mùi, Size 10ml/100ml",'Raw Data - Sản phẩm'!$B:$B,"Aroma Story - The Art Of Scent",'Raw Data - Sản phẩm'!$A:$A,">="&DATE(2026,6,8),'Raw Data - Sản phẩm'!$A:$A,"<="&DATE(2026,7,7)) -> 0 | H39: =IF(F39=0,0,G39/F39) -> 0 | I39: =IF(F39=0,0,H39*(1-'Phí sàn theo shop'!$D$3)) -> 0 | J39: =IF(OR(B39=0,F39=0),IF(B39=0,"Chỉ TAOS có data",IF(F39=0,"Chỉ GHT có data","-")),IF(ABS(E39-I39)/MAX(E39,I39)<0.03,"Ngang nhau -> uu tien GHT",IF(E39>I39,"Don ve GHT","Don ve TAOS"))) -> Chỉ GHT có data
A40: Xịt Thơm Phòng, Quấn Áo Trà Trắng & Sung Aroma Story, Nước Hoa Xịt Thơm Size 200ml | B40: =SUMIFS('Raw Data - Sản phẩm'!$F:$F,'Raw Data - Sản phẩm'!$D:$D,"Xịt Thơm Phòng, Quấn Áo Trà Trắng & Sung Aroma Story, Nước Hoa Xịt Thơm Size 200ml",'Raw Data - Sản phẩm'!$B:$B,"Aroma Story - Góc Hương Thơm",'Raw Data - Sản phẩm'!$A:$A,">="&DATE(2026,6,8),'Raw Data - Sản phẩm'!$A:$A,"<="&DATE(2026,7,7)) -> 1210697 | C40: =SUMIFS('Raw Data - Sản phẩm'!$G:$G,'Raw Data - Sản phẩm'!$D:$D,"Xịt Thơm Phòng, Quấn Áo Trà Trắng & Sung Aroma Story, Nước Hoa Xịt Thơm Size 200ml",'Raw Data - Sản phẩm'!$B:$B,"Aroma Story - Góc Hương Thơm",'Raw Data - Sản phẩm'!$A:$A,">="&DATE(2026,6,8),'Raw Data - Sản phẩm'!$A:$A,"<="&DATE(2026,7,7)) -> 4834596 | D40: =IF(B40=0,0,C40/B40) -> 3.9932336 | E40: =IF(B40=0,0,D40*(1-'Phí sàn theo shop'!$D$2)) -> 3.0491767 | F40: =SUMIFS('Raw Data - Sản phẩm'!$F:$F,'Raw Data - Sản phẩm'!$D:$D,"Xịt Thơm Phòng, Quấn Áo Trà Trắng & Sung Aroma Story, Nước Hoa Xịt Thơm Size 200ml",'Raw Data - Sản phẩm'!$B:$B,"Aroma Story - The Art Of Scent",'Raw Data - Sản phẩm'!$A:$A,">="&DATE(2026,6,8),'Raw Data - Sản phẩm'!$A:$A,"<="&DATE(2026,7,7)) -> 0 | G40: =SUMIFS('Raw Data - Sản phẩm'!$G:$G,'Raw Data - Sản phẩm'!$D:$D,"Xịt Thơm Phòng, Quấn Áo Trà Trắng & Sung Aroma Story, Nước Hoa Xịt Thơm Size 200ml",'Raw Data - Sản phẩm'!$B:$B,"Aroma Story - The Art Of Scent",'Raw Data - Sản phẩm'!$A:$A,">="&DATE(2026,6,8),'Raw Data - Sản phẩm'!$A:$A,"<="&DATE(2026,7,7)) -> 0 | H40: =IF(F40=0,0,G40/F40) -> 0 | I40: =IF(F40=0,0,H40*(1-'Phí sàn theo shop'!$D$3)) -> 0 | J40: =IF(OR(B40=0,F40=0),IF(B40=0,"Chỉ TAOS có data",IF(F40=0,"Chỉ GHT có data","-")),IF(ABS(E40-I40)/MAX(E40,I40)<0.03,"Ngang nhau -> uu tien GHT",IF(E40>I40,"Don ve GHT","Don ve TAOS"))) -> Chỉ GHT có data
A41: Combo Quà Tặng Nến Thơm Aroma Story Tặng Người Yêu, Bạn Bè Dịp Sinh Nhật, Kỷ Niệm | B41: =SUMIFS('Raw Data - Sản phẩm'!$F:$F,'Raw Data - Sản phẩm'!$D:$D,"Combo Quà Tặng Nến Thơm Aroma Story Tặng Người Yêu, Bạn Bè Dịp Sinh Nhật, Kỷ Niệm",'Raw Data - Sản phẩm'!$B:$B,"Aroma Story - Góc Hương Thơm",'Raw Data - Sản phẩm'!$A:$A,">="&DATE(2026,6,8),'Raw Data - Sản phẩm'!$A:$A,"<="&DATE(2026,7,7)) -> 0 | C41: =SUMIFS('Raw Data - Sản phẩm'!$G:$G,'Raw Data - Sản phẩm'!$D:$D,"Combo Quà Tặng Nến Thơm Aroma Story Tặng Người Yêu, Bạn Bè Dịp Sinh Nhật, Kỷ Niệm",'Raw Data - Sản phẩm'!$B:$B,"Aroma Story - Góc Hương Thơm",'Raw Data - Sản phẩm'!$A:$A,">="&DATE(2026,6,8),'Raw Data - Sản phẩm'!$A:$A,"<="&DATE(2026,7,7)) -> 0 | D41: =IF(B41=0,0,C41/B41) -> 0 | E41: =IF(B41=0,0,D41*(1-'Phí sàn theo shop'!$D$2)) -> 0 | F41: =SUMIFS('Raw Data - Sản phẩm'!$F:$F,'Raw Data - Sản phẩm'!$D:$D,"Combo Quà Tặng Nến Thơm Aroma Story Tặng Người Yêu, Bạn Bè Dịp Sinh Nhật, Kỷ Niệm",'Raw Data - Sản phẩm'!$B:$B,"Aroma Story - The Art Of Scent",'Raw Data - Sản phẩm'!$A:$A,">="&DATE(2026,6,8),'Raw Data - Sản phẩm'!$A:$A,"<="&DATE(2026,7,7)) -> 0 | G41: =SUMIFS('Raw Data - Sản phẩm'!$G:$G,'Raw Data - Sản phẩm'!$D:$D,"Combo Quà Tặng Nến Thơm Aroma Story Tặng Người Yêu, Bạn Bè Dịp Sinh Nhật, Kỷ Niệm",'Raw Data - Sản phẩm'!$B:$B,"Aroma Story - The Art Of Scent",'Raw Data - Sản phẩm'!$A:$A,">="&DATE(2026,6,8),'Raw Data - Sản phẩm'!$A:$A,"<="&DATE(2026,7,7)) -> 0 | H41: =IF(F41=0,0,G41/F41) -> 0 | I41: =IF(F41=0,0,H41*(1-'Phí sàn theo shop'!$D$3)) -> 0 | J41: =IF(OR(B41=0,F41=0),IF(B41=0,"Chỉ TAOS có data",IF(F41=0,"Chỉ GHT có data","-")),IF(ABS(E41-I41)/MAX(E41,I41)<0.03,"Ngang nhau -> uu tien GHT",IF(E41>I41,"Don ve GHT","Don ve TAOS"))) -> Chỉ TAOS có data
A42: Nến Thơm Cao Cấp Aroma Story Nhiều Hương Cốc Gốm Sứ, Xi Măng, Thủy Tinh Size 100g - 250g | B42: =SUMIFS('Raw Data - Sản phẩm'!$F:$F,'Raw Data - Sản phẩm'!$D:$D,"Nến Thơm Cao Cấp Aroma Story Nhiều Hương Cốc Gốm Sứ, Xi Măng, Thủy Tinh Size 100g - 250g",'Raw Data - Sản phẩm'!$B:$B,"Aroma Story - Góc Hương Thơm",'Raw Data - Sản phẩm'!$A:$A,">="&DATE(2026,6,8),'Raw Data - Sản phẩm'!$A:$A,"<="&DATE(2026,7,7)) -> 0 | C42: =SUMIFS('Raw Data - Sản phẩm'!$G:$G,'Raw Data - Sản phẩm'!$D:$D,"Nến Thơm Cao Cấp Aroma Story Nhiều Hương Cốc Gốm Sứ, Xi Măng, Thủy Tinh Size 100g - 250g",'Raw Data - Sản phẩm'!$B:$B,"Aroma Story - Góc Hương Thơm",'Raw Data - Sản phẩm'!$A:$A,">="&DATE(2026,6,8),'Raw Data - Sản phẩm'!$A:$A,"<="&DATE(2026,7,7)) -> 0 | D42: =IF(B42=0,0,C42/B42) -> 0 | E42: =IF(B42=0,0,D42*(1-'Phí sàn theo shop'!$D$2)) -> 0 | F42: =SUMIFS('Raw Data - Sản phẩm'!$F:$F,'Raw Data - Sản phẩm'!$D:$D,"Nến Thơm Cao Cấp Aroma Story Nhiều Hương Cốc Gốm Sứ, Xi Măng, Thủy Tinh Size 100g - 250g",'Raw Data - Sản phẩm'!$B:$B,"Aroma Story - The Art Of Scent",'Raw Data - Sản phẩm'!$A:$A,">="&DATE(2026,6,8),'Raw Data - Sản phẩm'!$A:$A,"<="&DATE(2026,7,7)) -> 7526325 | G42: =SUMIFS('Raw Data - Sản phẩm'!$G:$G,'Raw Data - Sản phẩm'!$D:$D,"Nến Thơm Cao Cấp Aroma Story Nhiều Hương Cốc Gốm Sứ, Xi Măng, Thủy Tinh Size 100g - 250g",'Raw Data - Sản phẩm'!$B:$B,"Aroma Story - The Art Of Scent",'Raw Data - Sản phẩm'!$A:$A,">="&DATE(2026,6,8),'Raw Data - Sản phẩm'!$A:$A,"<="&DATE(2026,7,7)) -> 39895072 | H42: =IF(F42=0,0,G42/F42) -> 5.3007373 | I42: =IF(F42=0,0,H42*(1-'Phí sàn theo shop'!$D$3)) -> 3.6527853 | J42: =IF(OR(B42=0,F42=0),IF(B42=0,"Chỉ TAOS có data",IF(F42=0,"Chỉ GHT có data","-")),IF(ABS(E42-I42)/MAX(E42,I42)<0.03,"Ngang nhau -> uu tien GHT",IF(E42>I42,"Don ve GHT","Don ve TAOS"))) -> Chỉ TAOS có data
A43: Nến Thơm Cao Cấp Thư Giãn Dễ Ngủ Với Nhiều Hương, Cốc Thủy Tinh & Xi Măng Size 200g | B43: =SUMIFS('Raw Data - Sản phẩm'!$F:$F,'Raw Data - Sản phẩm'!$D:$D,"Nến Thơm Cao Cấp Thư Giãn Dễ Ngủ Với Nhiều Hương, Cốc Thủy Tinh & Xi Măng Size 200g",'Raw Data - Sản phẩm'!$B:$B,"Aroma Story - Góc Hương Thơm",'Raw Data - Sản phẩm'!$A:$A,">="&DATE(2026,6,8),'Raw Data - Sản phẩm'!$A:$A,"<="&DATE(2026,7,7)) -> 8429798 | C43: =SUMIFS('Raw Data - Sản phẩm'!$G:$G,'Raw Data - Sản phẩm'!$D:$D,"Nến Thơm Cao Cấp Thư Giãn Dễ Ngủ Với Nhiều Hương, Cốc Thủy Tinh & Xi Măng Size 200g",'Raw Data - Sản phẩm'!$B:$B,"Aroma Story - Góc Hương Thơm",'Raw Data - Sản phẩm'!$A:$A,">="&DATE(2026,6,8),'Raw Data - Sản phẩm'!$A:$A,"<="&DATE(2026,7,7)) -> 36426166 | D43: =IF(B43=0,0,C43/B43) -> 4.3211197 | E43: =IF(B43=0,0,D43*(1-'Phí sàn theo shop'!$D$2)) -> 3.2995458 | F43: =SUMIFS('Raw Data - Sản phẩm'!$F:$F,'Raw Data - Sản phẩm'!$D:$D,"Nến Thơm Cao Cấp Thư Giãn Dễ Ngủ Với Nhiều Hương, Cốc Thủy Tinh & Xi Măng Size 200g",'Raw Data - Sản phẩm'!$B:$B,"Aroma Story - The Art Of Scent",'Raw Data - Sản phẩm'!$A:$A,">="&DATE(2026,6,8),'Raw Data - Sản phẩm'!$A:$A,"<="&DATE(2026,7,7)) -> 107382 | G43: =SUMIFS('Raw Data - Sản phẩm'!$G:$G,'Raw Data - Sản phẩm'!$D:$D,"Nến Thơm Cao Cấp Thư Giãn Dễ Ngủ Với Nhiều Hương, Cốc Thủy Tinh & Xi Măng Size 200g",'Raw Data - Sản phẩm'!$B:$B,"Aroma Story - The Art Of Scent",'Raw Data - Sản phẩm'!$A:$A,">="&DATE(2026,6,8),'Raw Data - Sản phẩm'!$A:$A,"<="&DATE(2026,7,7)) -> 0 | H43: =IF(F43=0,0,G43/F43) -> 0 | I43: =IF(F43=0,0,H43*(1-'Phí sàn theo shop'!$D$3)) -> 0 | J43: =IF(OR(B43=0,F43=0),IF(B43=0,"Chỉ TAOS có data",IF(F43=0,"Chỉ GHT có data","-")),IF(ABS(E43-I43)/MAX(E43,I43)<0.03,"Ngang nhau -> uu tien GHT",IF(E43>I43,"Don ve GHT","Don ve TAOS"))) -> Don ve GHT
A44: Nến Thơm Quà Tặng Aroma Story Cho Bạn Bè, Người Yêu Nhân Dịp Sinh Nhật, Kỷ Niệm Và Tốt Nghiệp | B44: =SUMIFS('Raw Data - Sản phẩm'!$F:$F,'Raw Data - Sản phẩm'!$D:$D,"Nến Thơm Quà Tặng Aroma Story Cho Bạn Bè, Người Yêu Nhân Dịp Sinh Nhật, Kỷ Niệm Và Tốt Nghiệp",'Raw Data - Sản phẩm'!$B:$B,"Aroma Story - Góc Hương Thơm",'Raw Data - Sản phẩm'!$A:$A,">="&DATE(2026,6,8),'Raw Data - Sản phẩm'!$A:$A,"<="&DATE(2026,7,7)) -> 0 | C44: =SUMIFS('Raw Data - Sản phẩm'!$G:$G,'Raw Data - Sản phẩm'!$D:$D,"Nến Thơm Quà Tặng Aroma Story Cho Bạn Bè, Người Yêu Nhân Dịp Sinh Nhật, Kỷ Niệm Và Tốt Nghiệp",'Raw Data - Sản phẩm'!$B:$B,"Aroma Story - Góc Hương Thơm",'Raw Data - Sản phẩm'!$A:$A,">="&DATE(2026,6,8),'Raw Data - Sản phẩm'!$A:$A,"<="&DATE(2026,7,7)) -> 0 | D44: =IF(B44=0,0,C44/B44) -> 0 | E44: =IF(B44=0,0,D44*(1-'Phí sàn theo shop'!$D$2)) -> 0 | F44: =SUMIFS('Raw Data - Sản phẩm'!$F:$F,'Raw Data - Sản phẩm'!$D:$D,"Nến Thơm Quà Tặng Aroma Story Cho Bạn Bè, Người Yêu Nhân Dịp Sinh Nhật, Kỷ Niệm Và Tốt Nghiệp",'Raw Data - Sản phẩm'!$B:$B,"Aroma Story - The Art Of Scent",'Raw Data - Sản phẩm'!$A:$A,">="&DATE(2026,6,8),'Raw Data - Sản phẩm'!$A:$A,"<="&DATE(2026,7,7)) -> 336341 | G44: =SUMIFS('Raw Data - Sản phẩm'!$G:$G,'Raw Data - Sản phẩm'!$D:$D,"Nến Thơm Quà Tặng Aroma Story Cho Bạn Bè, Người Yêu Nhân Dịp Sinh Nhật, Kỷ Niệm Và Tốt Nghiệp",'Raw Data - Sản phẩm'!$B:$B,"Aroma Story - The Art Of Scent",'Raw Data - Sản phẩm'!$A:$A,">="&DATE(2026,6,8),'Raw Data - Sản phẩm'!$A:$A,"<="&DATE(2026,7,7)) -> 1454160 | H44: =IF(F44=0,0,G44/F44) -> 4.3234693 | I44: =IF(F44=0,0,H44*(1-'Phí sàn theo shop'!$D$3)) -> 2.9793412 | J44: =IF(OR(B44=0,F44=0),IF(B44=0,"Chỉ TAOS có data",IF(F44=0,"Chỉ GHT có data","-")),IF(ABS(E44-I44)/MAX(E44,I44)<0.03,"Ngang nhau -> uu tien GHT",IF(E44>I44,"Don ve GHT","Don ve TAOS"))) -> Chỉ TAOS có data
A45: Nến Thơm Quà Tặng Aroma Story Dành Tặng Dịp Sinh Nhật, Kỷ Niệm Cho Nữ, Nam Người Thân Và Bạn Bè | B45: =SUMIFS('Raw Data - Sản phẩm'!$F:$F,'Raw Data - Sản phẩm'!$D:$D,"Nến Thơm Quà Tặng Aroma Story Dành Tặng Dịp Sinh Nhật, Kỷ Niệm Cho Nữ, Nam Người Thân Và Bạn Bè",'Raw Data - Sản phẩm'!$B:$B,"Aroma Story - Góc Hương Thơm",'Raw Data - Sản phẩm'!$A:$A,">="&DATE(2026,6,8),'Raw Data - Sản phẩm'!$A:$A,"<="&DATE(2026,7,7)) -> 0 | C45: =SUMIFS('Raw Data - Sản phẩm'!$G:$G,'Raw Data - Sản phẩm'!$D:$D,"Nến Thơm Quà Tặng Aroma Story Dành Tặng Dịp Sinh Nhật, Kỷ Niệm Cho Nữ, Nam Người Thân Và Bạn Bè",'Raw Data - Sản phẩm'!$B:$B,"Aroma Story - Góc Hương Thơm",'Raw Data - Sản phẩm'!$A:$A,">="&DATE(2026,6,8),'Raw Data - Sản phẩm'!$A:$A,"<="&DATE(2026,7,7)) -> 0 | D45: =IF(B45=0,0,C45/B45) -> 0 | E45: =IF(B45=0,0,D45*(1-'Phí sàn theo shop'!$D$2)) -> 0 | F45: =SUMIFS('Raw Data - Sản phẩm'!$F:$F,'Raw Data - Sản phẩm'!$D:$D,"Nến Thơm Quà Tặng Aroma Story Dành Tặng Dịp Sinh Nhật, Kỷ Niệm Cho Nữ, Nam Người Thân Và Bạn Bè",'Raw Data - Sản phẩm'!$B:$B,"Aroma Story - The Art Of Scent",'Raw Data - Sản phẩm'!$A:$A,">="&DATE(2026,6,8),'Raw Data - Sản phẩm'!$A:$A,"<="&DATE(2026,7,7)) -> 793332 | G45: =SUMIFS('Raw Data - Sản phẩm'!$G:$G,'Raw Data - Sản phẩm'!$D:$D,"Nến Thơm Quà Tặng Aroma Story Dành Tặng Dịp Sinh Nhật, Kỷ Niệm Cho Nữ, Nam Người Thân Và Bạn Bè",'Raw Data - Sản phẩm'!$B:$B,"Aroma Story - The Art Of Scent",'Raw Data - Sản phẩm'!$A:$A,">="&DATE(2026,6,8),'Raw Data - Sản phẩm'!$A:$A,"<="&DATE(2026,7,7)) -> 3761300 | H45: =IF(F45=0,0,G45/F45) -> 4.7411424 | I45: =IF(F45=0,0,H45*(1-'Phí sàn theo shop'!$D$3)) -> 3.2671634 | J45: =IF(OR(B45=0,F45=0),IF(B45=0,"Chỉ TAOS có data",IF(F45=0,"Chỉ GHT có data","-")),IF(ABS(E45-I45)/MAX(E45,I45)<0.03,"Ngang nhau -> uu tien GHT",IF(E45>I45,"Don ve GHT","Don ve TAOS"))) -> Chỉ TAOS có data
A46: Nến Thơm Thiên Nhiên Bộ Sưu Tập Little Things Aroma Story Size 50g | B46: =SUMIFS('Raw Data - Sản phẩm'!$F:$F,'Raw Data - Sản phẩm'!$D:$D,"Nến Thơm Thiên Nhiên Bộ Sưu Tập Little Things Aroma Story Size 50g",'Raw Data - Sản phẩm'!$B:$B,"Aroma Story - Góc Hương Thơm",'Raw Data - Sản phẩm'!$A:$A,">="&DATE(2026,6,8),'Raw Data - Sản phẩm'!$A:$A,"<="&DATE(2026,7,7)) -> 2235981 | C46: =SUMIFS('Raw Data - Sản phẩm'!$G:$G,'Raw Data - Sản phẩm'!$D:$D,"Nến Thơm Thiên Nhiên Bộ Sưu Tập Little Things Aroma Story Size 50g",'Raw Data - Sản phẩm'!$B:$B,"Aroma Story - Góc Hương Thơm",'Raw Data - Sản phẩm'!$A:$A,">="&DATE(2026,6,8),'Raw Data - Sản phẩm'!$A:$A,"<="&DATE(2026,7,7)) -> 10515442 | D46: =IF(B46=0,0,C46/B46) -> 4.7028316 | E46: =IF(B46=0,0,D46*(1-'Phí sàn theo shop'!$D$2)) -> 3.5910156 | F46: =SUMIFS('Raw Data - Sản phẩm'!$F:$F,'Raw Data - Sản phẩm'!$D:$D,"Nến Thơm Thiên Nhiên Bộ Sưu Tập Little Things Aroma Story Size 50g",'Raw Data - Sản phẩm'!$B:$B,"Aroma Story - The Art Of Scent",'Raw Data - Sản phẩm'!$A:$A,">="&DATE(2026,6,8),'Raw Data - Sản phẩm'!$A:$A,"<="&DATE(2026,7,7)) -> 3096300 | G46: =SUMIFS('Raw Data - Sản phẩm'!$G:$G,'Raw Data - Sản phẩm'!$D:$D,"Nến Thơm Thiên Nhiên Bộ Sưu Tập Little Things Aroma Story Size 50g",'Raw Data - Sản phẩm'!$B:$B,"Aroma Story - The Art Of Scent",'Raw Data - Sản phẩm'!$A:$A,">="&DATE(2026,6,8),'Raw Data - Sản phẩm'!$A:$A,"<="&DATE(2026,7,7)) -> 15102504 | H46: =IF(F46=0,0,G46/F46) -> 4.8775971 | I46: =IF(F46=0,0,H46*(1-'Phí sàn theo shop'!$D$3)) -> 3.3611956 | J46: =IF(OR(B46=0,F46=0),IF(B46=0,"Chỉ TAOS có data",IF(F46=0,"Chỉ GHT có data","-")),IF(ABS(E46-I46)/MAX(E46,I46)<0.03,"Ngang nhau -> uu tien GHT",IF(E46>I46,"Don ve GHT","Don ve TAOS"))) -> Don ve GHT
A47: SET Quà "NẾN THƠM KHẮC TÊN THEO YÊU CẦU" Aroma Story, Dùng Làm Quà Tặng Dịp Đặc Biệt, Sinh Nhật, 20/10, Tốt Nghiệp,... | B47: =SUMIFS('Raw Data - Sản phẩm'!$F:$F,'Raw Data - Sản phẩm'!$D:$D,"SET Quà ""NẾN THƠM KHẮC TÊN THEO YÊU CẦU"" Aroma Story, Dùng Làm Quà Tặng Dịp Đặc Biệt, Sinh Nhật, 20/10, Tốt Nghiệp,...",'Raw Data - Sản phẩm'!$B:$B,"Aroma Story - Góc Hương Thơm",'Raw Data - Sản phẩm'!$A:$A,">="&DATE(2026,6,8),'Raw Data - Sản phẩm'!$A:$A,"<="&DATE(2026,7,7)) -> 0 | C47: =SUMIFS('Raw Data - Sản phẩm'!$G:$G,'Raw Data - Sản phẩm'!$D:$D,"SET Quà ""NẾN THƠM KHẮC TÊN THEO YÊU CẦU"" Aroma Story, Dùng Làm Quà Tặng Dịp Đặc Biệt, Sinh Nhật, 20/10, Tốt Nghiệp,...",'Raw Data - Sản phẩm'!$B:$B,"Aroma Story - Góc Hương Thơm",'Raw Data - Sản phẩm'!$A:$A,">="&DATE(2026,6,8),'Raw Data - Sản phẩm'!$A:$A,"<="&DATE(2026,7,7)) -> 0 | D47: =IF(B47=0,0,C47/B47) -> 0 | E47: =IF(B47=0,0,D47*(1-'Phí sàn theo shop'!$D$2)) -> 0 | F47: =SUMIFS('Raw Data - Sản phẩm'!$F:$F,'Raw Data - Sản phẩm'!$D:$D,"SET Quà ""NẾN THƠM KHẮC TÊN THEO YÊU CẦU"" Aroma Story, Dùng Làm Quà Tặng Dịp Đặc Biệt, Sinh Nhật, 20/10, Tốt Nghiệp,...",'Raw Data - Sản phẩm'!$B:$B,"Aroma Story - The Art Of Scent",'Raw Data - Sản phẩm'!$A:$A,">="&DATE(2026,6,8),'Raw Data - Sản phẩm'!$A:$A,"<="&DATE(2026,7,7)) -> 8168740 | G47: =SUMIFS('Raw Data - Sản phẩm'!$G:$G,'Raw Data - Sản phẩm'!$D:$D,"SET Quà ""NẾN THƠM KHẮC TÊN THEO YÊU CẦU"" Aroma Story, Dùng Làm Quà Tặng Dịp Đặc Biệt, Sinh Nhật, 20/10, Tốt Nghiệp,...",'Raw Data - Sản phẩm'!$B:$B,"Aroma Story - The Art Of Scent",'Raw Data - Sản phẩm'!$A:$A,">="&DATE(2026,6,8),'Raw Data - Sản phẩm'!$A:$A,"<="&DATE(2026,7,7)) -> 38132300 | H47: =IF(F47=0,0,G47/F47) -> 4.6680761 | I47: =IF(F47=0,0,H47*(1-'Phí sàn theo shop'!$D$3)) -> 3.2168128 | J47: =IF(OR(B47=0,F47=0),IF(B47=0,"Chỉ TAOS có data",IF(F47=0,"Chỉ GHT có data","-")),IF(ABS(E47-I47)/MAX(E47,I47)<0.03,"Ngang nhau -> uu tien GHT",IF(E47>I47,"Don ve GHT","Don ve TAOS"))) -> Chỉ TAOS có data
A48: Set Quà Nến Thơm Aroma Story Kèm Phụ Kiện - Quà Sinh Nhật, Kỷ Niệm, Tặng Người Yêu, Bạn Bè | B48: =SUMIFS('Raw Data - Sản phẩm'!$F:$F,'Raw Data - Sản phẩm'!$D:$D,"Set Quà Nến Thơm Aroma Story Kèm Phụ Kiện - Quà Sinh Nhật, Kỷ Niệm, Tặng Người Yêu, Bạn Bè",'Raw Data - Sản phẩm'!$B:$B,"Aroma Story - Góc Hương Thơm",'Raw Data - Sản phẩm'!$A:$A,">="&DATE(2026,6,8),'Raw Data - Sản phẩm'!$A:$A,"<="&DATE(2026,7,7)) -> 0 | C48: =SUMIFS('Raw Data - Sản phẩm'!$G:$G,'Raw Data - Sản phẩm'!$D:$D,"Set Quà Nến Thơm Aroma Story Kèm Phụ Kiện - Quà Sinh Nhật, Kỷ Niệm, Tặng Người Yêu, Bạn Bè",'Raw Data - Sản phẩm'!$B:$B,"Aroma Story - Góc Hương Thơm",'Raw Data - Sản phẩm'!$A:$A,">="&DATE(2026,6,8),'Raw Data - Sản phẩm'!$A:$A,"<="&DATE(2026,7,7)) -> 0 | D48: =IF(B48=0,0,C48/B48) -> 0 | E48: =IF(B48=0,0,D48*(1-'Phí sàn theo shop'!$D$2)) -> 0 | F48: =SUMIFS('Raw Data - Sản phẩm'!$F:$F,'Raw Data - Sản phẩm'!$D:$D,"Set Quà Nến Thơm Aroma Story Kèm Phụ Kiện - Quà Sinh Nhật, Kỷ Niệm, Tặng Người Yêu, Bạn Bè",'Raw Data - Sản phẩm'!$B:$B,"Aroma Story - The Art Of Scent",'Raw Data - Sản phẩm'!$A:$A,">="&DATE(2026,6,8),'Raw Data - Sản phẩm'!$A:$A,"<="&DATE(2026,7,7)) -> 0 | G48: =SUMIFS('Raw Data - Sản phẩm'!$G:$G,'Raw Data - Sản phẩm'!$D:$D,"Set Quà Nến Thơm Aroma Story Kèm Phụ Kiện - Quà Sinh Nhật, Kỷ Niệm, Tặng Người Yêu, Bạn Bè",'Raw Data - Sản phẩm'!$B:$B,"Aroma Story - The Art Of Scent",'Raw Data - Sản phẩm'!$A:$A,">="&DATE(2026,6,8),'Raw Data - Sản phẩm'!$A:$A,"<="&DATE(2026,7,7)) -> 0 | H48: =IF(F48=0,0,G48/F48) -> 0 | I48: =IF(F48=0,0,H48*(1-'Phí sàn theo shop'!$D$3)) -> 0 | J48: =IF(OR(B48=0,F48=0),IF(B48=0,"Chỉ TAOS có data",IF(F48=0,"Chỉ GHT có data","-")),IF(ABS(E48-I48)/MAX(E48,I48)<0.03,"Ngang nhau -> uu tien GHT",IF(E48>I48,"Don ve GHT","Don ve TAOS"))) -> Chỉ TAOS có data
A49: Set Quà Tặng Nến Thơm Aroma Story Dành Tặng Người Yêu, Sinh Nhật, Kỷ Niệm | B49: =SUMIFS('Raw Data - Sản phẩm'!$F:$F,'Raw Data - Sản phẩm'!$D:$D,"Set Quà Tặng Nến Thơm Aroma Story Dành Tặng Người Yêu, Sinh Nhật, Kỷ Niệm",'Raw Data - Sản phẩm'!$B:$B,"Aroma Story - Góc Hương Thơm",'Raw Data - Sản phẩm'!$A:$A,">="&DATE(2026,6,8),'Raw Data - Sản phẩm'!$A:$A,"<="&DATE(2026,7,7)) -> 649824 | C49: =SUMIFS('Raw Data - Sản phẩm'!$G:$G,'Raw Data - Sản phẩm'!$D:$D,"Set Quà Tặng Nến Thơm Aroma Story Dành Tặng Người Yêu, Sinh Nhật, Kỷ Niệm",'Raw Data - Sản phẩm'!$B:$B,"Aroma Story - Góc Hương Thơm",'Raw Data - Sản phẩm'!$A:$A,">="&DATE(2026,6,8),'Raw Data - Sản phẩm'!$A:$A,"<="&DATE(2026,7,7)) -> 2815920 | D49: =IF(B49=0,0,C49/B49) -> 4.333358 | E49: =IF(B49=0,0,D49*(1-'Phí sàn theo shop'!$D$2)) -> 3.3088908 | F49: =SUMIFS('Raw Data - Sản phẩm'!$F:$F,'Raw Data - Sản phẩm'!$D:$D,"Set Quà Tặng Nến Thơm Aroma Story Dành Tặng Người Yêu, Sinh Nhật, Kỷ Niệm",'Raw Data - Sản phẩm'!$B:$B,"Aroma Story - The Art Of Scent",'Raw Data - Sản phẩm'!$A:$A,">="&DATE(2026,6,8),'Raw Data - Sản phẩm'!$A:$A,"<="&DATE(2026,7,7)) -> 1548083 | G49: =SUMIFS('Raw Data - Sản phẩm'!$G:$G,'Raw Data - Sản phẩm'!$D:$D,"Set Quà Tặng Nến Thơm Aroma Story Dành Tặng Người Yêu, Sinh Nhật, Kỷ Niệm",'Raw Data - Sản phẩm'!$B:$B,"Aroma Story - The Art Of Scent",'Raw Data - Sản phẩm'!$A:$A,">="&DATE(2026,6,8),'Raw Data - Sản phẩm'!$A:$A,"<="&DATE(2026,7,7)) -> 6888600 | H49: =IF(F49=0,0,G49/F49) -> 4.4497614 | I49: =IF(F49=0,0,H49*(1-'Phí sàn theo shop'!$D$3)) -> 3.0663702 | J49: =IF(OR(B49=0,F49=0),IF(B49=0,"Chỉ TAOS có data",IF(F49=0,"Chỉ GHT có data","-")),IF(ABS(E49-I49)/MAX(E49,I49)<0.03,"Ngang nhau -> uu tien GHT",IF(E49>I49,"Don ve GHT","Don ve TAOS"))) -> Don ve GHT
A50: Tinh Dầu Thiên Nhiên Hương Trà Trắng Aroma Story Nguyên Chất – Xông Phòng, Thư Giãn, Ngủ Ngon 10ml | B50: =SUMIFS('Raw Data - Sản phẩm'!$F:$F,'Raw Data - Sản phẩm'!$D:$D,"Tinh Dầu Thiên Nhiên Hương Trà Trắng Aroma Story Nguyên Chất – Xông Phòng, Thư Giãn, Ngủ Ngon 10ml",'Raw Data - Sản phẩm'!$B:$B,"Aroma Story - Góc Hương Thơm",'Raw Data - Sản phẩm'!$A:$A,">="&DATE(2026,6,8),'Raw Data - Sản phẩm'!$A:$A,"<="&DATE(2026,7,7)) -> 116346 | C50: =SUMIFS('Raw Data - Sản phẩm'!$G:$G,'Raw Data - Sản phẩm'!$D:$D,"Tinh Dầu Thiên Nhiên Hương Trà Trắng Aroma Story Nguyên Chất – Xông Phòng, Thư Giãn, Ngủ Ngon 10ml",'Raw Data - Sản phẩm'!$B:$B,"Aroma Story - Góc Hương Thơm",'Raw Data - Sản phẩm'!$A:$A,">="&DATE(2026,6,8),'Raw Data - Sản phẩm'!$A:$A,"<="&DATE(2026,7,7)) -> 158000 | D50: =IF(B50=0,0,C50/B50) -> 1.3580183 | E50: =IF(B50=0,0,D50*(1-'Phí sàn theo shop'!$D$2)) -> 1.0369636 | F50: =SUMIFS('Raw Data - Sản phẩm'!$F:$F,'Raw Data - Sản phẩm'!$D:$D,"Tinh Dầu Thiên Nhiên Hương Trà Trắng Aroma Story Nguyên Chất – Xông Phòng, Thư Giãn, Ngủ Ngon 10ml",'Raw Data - Sản phẩm'!$B:$B,"Aroma Story - The Art Of Scent",'Raw Data - Sản phẩm'!$A:$A,">="&DATE(2026,6,8),'Raw Data - Sản phẩm'!$A:$A,"<="&DATE(2026,7,7)) -> 0 | G50: =SUMIFS('Raw Data - Sản phẩm'!$G:$G,'Raw Data - Sản phẩm'!$D:$D,"Tinh Dầu Thiên Nhiên Hương Trà Trắng Aroma Story Nguyên Chất – Xông Phòng, Thư Giãn, Ngủ Ngon 10ml",'Raw Data - Sản phẩm'!$B:$B,"Aroma Story - The Art Of Scent",'Raw Data - Sản phẩm'!$A:$A,">="&DATE(2026,6,8),'Raw Data - Sản phẩm'!$A:$A,"<="&DATE(2026,7,7)) -> 0 | H50: =IF(F50=0,0,G50/F50) -> 0 | I50: =IF(F50=0,0,H50*(1-'Phí sàn theo shop'!$D$3)) -> 0 | J50: =IF(OR(B50=0,F50=0),IF(B50=0,"Chỉ TAOS có data",IF(F50=0,"Chỉ GHT có data","-")),IF(ABS(E50-I50)/MAX(E50,I50)<0.03,"Ngang nhau -> uu tien GHT",IF(E50>I50,"Don ve GHT","Don ve TAOS"))) -> Chỉ GHT có data
A51: Tinh Dầu Thiên Nhiên Nguyên Chất Aroma Story 10ml – Xông Phòng, Thư Giãn, Ngủ Ngon | B51: =SUMIFS('Raw Data - Sản phẩm'!$F:$F,'Raw Data - Sản phẩm'!$D:$D,"Tinh Dầu Thiên Nhiên Nguyên Chất Aroma Story 10ml – Xông Phòng, Thư Giãn, Ngủ Ngon",'Raw Data - Sản phẩm'!$B:$B,"Aroma Story - Góc Hương Thơm",'Raw Data - Sản phẩm'!$A:$A,">="&DATE(2026,6,8),'Raw Data - Sản phẩm'!$A:$A,"<="&DATE(2026,7,7)) -> 30508 | C51: =SUMIFS('Raw Data - Sản phẩm'!$G:$G,'Raw Data - Sản phẩm'!$D:$D,"Tinh Dầu Thiên Nhiên Nguyên Chất Aroma Story 10ml – Xông Phòng, Thư Giãn, Ngủ Ngon",'Raw Data - Sản phẩm'!$B:$B,"Aroma Story - Góc Hương Thơm",'Raw Data - Sản phẩm'!$A:$A,">="&DATE(2026,6,8),'Raw Data - Sản phẩm'!$A:$A,"<="&DATE(2026,7,7)) -> 79000 | D51: =IF(B51=0,0,C51/B51) -> 2.5894847 | E51: =IF(B51=0,0,D51*(1-'Phí sàn theo shop'!$D$2)) -> 1.9772939 | F51: =SUMIFS('Raw Data - Sản phẩm'!$F:$F,'Raw Data - Sản phẩm'!$D:$D,"Tinh Dầu Thiên Nhiên Nguyên Chất Aroma Story 10ml – Xông Phòng, Thư Giãn, Ngủ Ngon",'Raw Data - Sản phẩm'!$B:$B,"Aroma Story - The Art Of Scent",'Raw Data - Sản phẩm'!$A:$A,">="&DATE(2026,6,8),'Raw Data - Sản phẩm'!$A:$A,"<="&DATE(2026,7,7)) -> 0 | G51: =SUMIFS('Raw Data - Sản phẩm'!$G:$G,'Raw Data - Sản phẩm'!$D:$D,"Tinh Dầu Thiên Nhiên Nguyên Chất Aroma Story 10ml – Xông Phòng, Thư Giãn, Ngủ Ngon",'Raw Data - Sản phẩm'!$B:$B,"Aroma Story - The Art Of Scent",'Raw Data - Sản phẩm'!$A:$A,">="&DATE(2026,6,8),'Raw Data - Sản phẩm'!$A:$A,"<="&DATE(2026,7,7)) -> 0 | H51: =IF(F51=0,0,G51/F51) -> 0 | I51: =IF(F51=0,0,H51*(1-'Phí sàn theo shop'!$D$3)) -> 0 | J51: =IF(OR(B51=0,F51=0),IF(B51=0,"Chỉ TAOS có data",IF(F51=0,"Chỉ GHT có data","-")),IF(ABS(E51-I51)/MAX(E51,I51)<0.03,"Ngang nhau -> uu tien GHT",IF(E51>I51,"Don ve GHT","Don ve TAOS"))) -> Chỉ GHT có data
A52: Tinh Dầu Thơm Xông Phòng Aroma Story 10ml – Hơn 20 Mùi Hương Thiên Nhiên, Thư Giãn & Dễ Ngủ | B52: =SUMIFS('Raw Data - Sản phẩm'!$F:$F,'Raw Data - Sản phẩm'!$D:$D,"Tinh Dầu Thơm Xông Phòng Aroma Story 10ml – Hơn 20 Mùi Hương Thiên Nhiên, Thư Giãn & Dễ Ngủ",'Raw Data - Sản phẩm'!$B:$B,"Aroma Story - Góc Hương Thơm",'Raw Data - Sản phẩm'!$A:$A,">="&DATE(2026,6,8),'Raw Data - Sản phẩm'!$A:$A,"<="&DATE(2026,7,7)) -> 50424 | C52: =SUMIFS('Raw Data - Sản phẩm'!$G:$G,'Raw Data - Sản phẩm'!$D:$D,"Tinh Dầu Thơm Xông Phòng Aroma Story 10ml – Hơn 20 Mùi Hương Thiên Nhiên, Thư Giãn & Dễ Ngủ",'Raw Data - Sản phẩm'!$B:$B,"Aroma Story - Góc Hương Thơm",'Raw Data - Sản phẩm'!$A:$A,">="&DATE(2026,6,8),'Raw Data - Sản phẩm'!$A:$A,"<="&DATE(2026,7,7)) -> 79000 | D52: =IF(B52=0,0,C52/B52) -> 1.5667143 | E52: =IF(B52=0,0,D52*(1-'Phí sàn theo shop'!$D$2)) -> 1.1963208 | F52: =SUMIFS('Raw Data - Sản phẩm'!$F:$F,'Raw Data - Sản phẩm'!$D:$D,"Tinh Dầu Thơm Xông Phòng Aroma Story 10ml – Hơn 20 Mùi Hương Thiên Nhiên, Thư Giãn & Dễ Ngủ",'Raw Data - Sản phẩm'!$B:$B,"Aroma Story - The Art Of Scent",'Raw Data - Sản phẩm'!$A:$A,">="&DATE(2026,6,8),'Raw Data - Sản phẩm'!$A:$A,"<="&DATE(2026,7,7)) -> 2772748 | G52: =SUMIFS('Raw Data - Sản phẩm'!$G:$G,'Raw Data - Sản phẩm'!$D:$D,"Tinh Dầu Thơm Xông Phòng Aroma Story 10ml – Hơn 20 Mùi Hương Thiên Nhiên, Thư Giãn & Dễ Ngủ",'Raw Data - Sản phẩm'!$B:$B,"Aroma Story - The Art Of Scent",'Raw Data - Sản phẩm'!$A:$A,">="&DATE(2026,6,8),'Raw Data - Sản phẩm'!$A:$A,"<="&DATE(2026,7,7)) -> 11769220 | H52: =IF(F52=0,0,G52/F52) -> 4.244605 | I52: =IF(F52=0,0,H52*(1-'Phí sàn theo shop'!$D$3)) -> 2.9249951 | J52: =IF(OR(B52=0,F52=0),IF(B52=0,"Chỉ TAOS có data",IF(F52=0,"Chỉ GHT có data","-")),IF(ABS(E52-I52)/MAX(E52,I52)<0.03,"Ngang nhau -> uu tien GHT",IF(E52>I52,"Don ve GHT","Don ve TAOS"))) -> Don ve TAOS
A53: Tinh Dầu Khuếch Tán Aroma Story Hương Trà Trắng Và Trái Sung True Grace Size 50ml/100ml/150ml | B53: =SUMIFS('Raw Data - Sản phẩm'!$F:$F,'Raw Data - Sản phẩm'!$D:$D,"Tinh Dầu Khuếch Tán Aroma Story Hương Trà Trắng Và Trái Sung True Grace Size 50ml/100ml/150ml",'Raw Data - Sản phẩm'!$B:$B,"Aroma Story - Góc Hương Thơm",'Raw Data - Sản phẩm'!$A:$A,">="&DATE(2026,6,8),'Raw Data - Sản phẩm'!$A:$A,"<="&DATE(2026,7,7)) -> 989506 | C53: =SUMIFS('Raw Data - Sản phẩm'!$G:$G,'Raw Data - Sản phẩm'!$D:$D,"Tinh Dầu Khuếch Tán Aroma Story Hương Trà Trắng Và Trái Sung True Grace Size 50ml/100ml/150ml",'Raw Data - Sản phẩm'!$B:$B,"Aroma Story - Góc Hương Thơm",'Raw Data - Sản phẩm'!$A:$A,">="&DATE(2026,6,8),'Raw Data - Sản phẩm'!$A:$A,"<="&DATE(2026,7,7)) -> 4811249 | D53: =IF(B53=0,0,C53/B53) -> 4.8622737 | E53: =IF(B53=0,0,D53*(1-'Phí sàn theo shop'!$D$2)) -> 3.7127633 | F53: =SUMIFS('Raw Data - Sản phẩm'!$F:$F,'Raw Data - Sản phẩm'!$D:$D,"Tinh Dầu Khuếch Tán Aroma Story Hương Trà Trắng Và Trái Sung True Grace Size 50ml/100ml/150ml",'Raw Data - Sản phẩm'!$B:$B,"Aroma Story - The Art Of Scent",'Raw Data - Sản phẩm'!$A:$A,">="&DATE(2026,6,8),'Raw Data - Sản phẩm'!$A:$A,"<="&DATE(2026,7,7)) -> 3891613 | G53: =SUMIFS('Raw Data - Sản phẩm'!$G:$G,'Raw Data - Sản phẩm'!$D:$D,"Tinh Dầu Khuếch Tán Aroma Story Hương Trà Trắng Và Trái Sung True Grace Size 50ml/100ml/150ml",'Raw Data - Sản phẩm'!$B:$B,"Aroma Story - The Art Of Scent",'Raw Data - Sản phẩm'!$A:$A,">="&DATE(2026,6,8),'Raw Data - Sản phẩm'!$A:$A,"<="&DATE(2026,7,7)) -> 21048718 | H53: =IF(F53=0,0,G53/F53) -> 5.4087387 | I53: =IF(F53=0,0,H53*(1-'Phí sàn theo shop'!$D$3)) -> 3.72721 | J53: =IF(OR(B53=0,F53=0),IF(B53=0,"Chỉ TAOS có data",IF(F53=0,"Chỉ GHT có data","-")),IF(ABS(E53-I53)/MAX(E53,I53)<0.03,"Ngang nhau -> uu tien GHT",IF(E53>I53,"Don ve GHT","Don ve TAOS"))) -> Ngang nhau -> uu tien GHT
A54: Tinh Dầu Khuếch Tán Thơm Phòng Aroma Story Nhiều Hương Size 50ml/100ml | B54: =SUMIFS('Raw Data - Sản phẩm'!$F:$F,'Raw Data - Sản phẩm'!$D:$D,"Tinh Dầu Khuếch Tán Thơm Phòng Aroma Story Nhiều Hương Size 50ml/100ml",'Raw Data - Sản phẩm'!$B:$B,"Aroma Story - Góc Hương Thơm",'Raw Data - Sản phẩm'!$A:$A,">="&DATE(2026,6,8),'Raw Data - Sản phẩm'!$A:$A,"<="&DATE(2026,7,7)) -> 0 | C54: =SUMIFS('Raw Data - Sản phẩm'!$G:$G,'Raw Data - Sản phẩm'!$D:$D,"Tinh Dầu Khuếch Tán Thơm Phòng Aroma Story Nhiều Hương Size 50ml/100ml",'Raw Data - Sản phẩm'!$B:$B,"Aroma Story - Góc Hương Thơm",'Raw Data - Sản phẩm'!$A:$A,">="&DATE(2026,6,8),'Raw Data - Sản phẩm'!$A:$A,"<="&DATE(2026,7,7)) -> 0 | D54: =IF(B54=0,0,C54/B54) -> 0 | E54: =IF(B54=0,0,D54*(1-'Phí sàn theo shop'!$D$2)) -> 0 | F54: =SUMIFS('Raw Data - Sản phẩm'!$F:$F,'Raw Data - Sản phẩm'!$D:$D,"Tinh Dầu Khuếch Tán Thơm Phòng Aroma Story Nhiều Hương Size 50ml/100ml",'Raw Data - Sản phẩm'!$B:$B,"Aroma Story - The Art Of Scent",'Raw Data - Sản phẩm'!$A:$A,">="&DATE(2026,6,8),'Raw Data - Sản phẩm'!$A:$A,"<="&DATE(2026,7,7)) -> 17679336 | G54: =SUMIFS('Raw Data - Sản phẩm'!$G:$G,'Raw Data - Sản phẩm'!$D:$D,"Tinh Dầu Khuếch Tán Thơm Phòng Aroma Story Nhiều Hương Size 50ml/100ml",'Raw Data - Sản phẩm'!$B:$B,"Aroma Story - The Art Of Scent",'Raw Data - Sản phẩm'!$A:$A,">="&DATE(2026,6,8),'Raw Data - Sản phẩm'!$A:$A,"<="&DATE(2026,7,7)) -> 93819339 | H54: =IF(F54=0,0,G54/F54) -> 5.306723 | I54: =IF(F54=0,0,H54*(1-'Phí sàn theo shop'!$D$3)) -> 3.65691 | J54: =IF(OR(B54=0,F54=0),IF(B54=0,"Chỉ TAOS có data",IF(F54=0,"Chỉ GHT có data","-")),IF(ABS(E54-I54)/MAX(E54,I54)<0.03,"Ngang nhau -> uu tien GHT",IF(E54>I54,"Don ve GHT","Don ve TAOS"))) -> Chỉ TAOS có data
A55: Tinh Dầu Khuếch Tán Thơm Phòng Aroma Story Phiên Bản Đặc Biệt Size 50ml/100ml/150ml | B55: =SUMIFS('Raw Data - Sản phẩm'!$F:$F,'Raw Data - Sản phẩm'!$D:$D,"Tinh Dầu Khuếch Tán Thơm Phòng Aroma Story Phiên Bản Đặc Biệt Size 50ml/100ml/150ml",'Raw Data - Sản phẩm'!$B:$B,"Aroma Story - Góc Hương Thơm",'Raw Data - Sản phẩm'!$A:$A,">="&DATE(2026,6,8),'Raw Data - Sản phẩm'!$A:$A,"<="&DATE(2026,7,7)) -> 295158 | C55: =SUMIFS('Raw Data - Sản phẩm'!$G:$G,'Raw Data - Sản phẩm'!$D:$D,"Tinh Dầu Khuếch Tán Thơm Phòng Aroma Story Phiên Bản Đặc Biệt Size 50ml/100ml/150ml",'Raw Data - Sản phẩm'!$B:$B,"Aroma Story - Góc Hương Thơm",'Raw Data - Sản phẩm'!$A:$A,">="&DATE(2026,6,8),'Raw Data - Sản phẩm'!$A:$A,"<="&DATE(2026,7,7)) -> 1591814 | D55: =IF(B55=0,0,C55/B55) -> 5.3930912 | E55: =IF(B55=0,0,D55*(1-'Phí sàn theo shop'!$D$2)) -> 4.118088 | F55: =SUMIFS('Raw Data - Sản phẩm'!$F:$F,'Raw Data - Sản phẩm'!$D:$D,"Tinh Dầu Khuếch Tán Thơm Phòng Aroma Story Phiên Bản Đặc Biệt Size 50ml/100ml/150ml",'Raw Data - Sản phẩm'!$B:$B,"Aroma Story - The Art Of Scent",'Raw Data - Sản phẩm'!$A:$A,">="&DATE(2026,6,8),'Raw Data - Sản phẩm'!$A:$A,"<="&DATE(2026,7,7)) -> 0 | G55: =SUMIFS('Raw Data - Sản phẩm'!$G:$G,'Raw Data - Sản phẩm'!$D:$D,"Tinh Dầu Khuếch Tán Thơm Phòng Aroma Story Phiên Bản Đặc Biệt Size 50ml/100ml/150ml",'Raw Data - Sản phẩm'!$B:$B,"Aroma Story - The Art Of Scent",'Raw Data - Sản phẩm'!$A:$A,">="&DATE(2026,6,8),'Raw Data - Sản phẩm'!$A:$A,"<="&DATE(2026,7,7)) -> 0 | H55: =IF(F55=0,0,G55/F55) -> 0 | I55: =IF(F55=0,0,H55*(1-'Phí sàn theo shop'!$D$3)) -> 0 | J55: =IF(OR(B55=0,F55=0),IF(B55=0,"Chỉ TAOS có data",IF(F55=0,"Chỉ GHT có data","-")),IF(ABS(E55-I55)/MAX(E55,I55)<0.03,"Ngang nhau -> uu tien GHT",IF(E55>I55,"Don ve GHT","Don ve TAOS"))) -> Chỉ GHT có data
A56: Tinh Dầu Nước Hoa Thơm Phòng Cắm Que Khuếch Tán Aroma Story - Size 50ml/100ml | B56: =SUMIFS('Raw Data - Sản phẩm'!$F:$F,'Raw Data - Sản phẩm'!$D:$D,"Tinh Dầu Nước Hoa Thơm Phòng Cắm Que Khuếch Tán Aroma Story - Size 50ml/100ml",'Raw Data - Sản phẩm'!$B:$B,"Aroma Story - Góc Hương Thơm",'Raw Data - Sản phẩm'!$A:$A,">="&DATE(2026,6,8),'Raw Data - Sản phẩm'!$A:$A,"<="&DATE(2026,7,7)) -> 16588073 | C56: =SUMIFS('Raw Data - Sản phẩm'!$G:$G,'Raw Data - Sản phẩm'!$D:$D,"Tinh Dầu Nước Hoa Thơm Phòng Cắm Que Khuếch Tán Aroma Story - Size 50ml/100ml",'Raw Data - Sản phẩm'!$B:$B,"Aroma Story - Góc Hương Thơm",'Raw Data - Sản phẩm'!$A:$A,">="&DATE(2026,6,8),'Raw Data - Sản phẩm'!$A:$A,"<="&DATE(2026,7,7)) -> 84596205 | D56: =IF(B56=0,0,C56/B56) -> 5.0998211 | E56: =IF(B56=0,0,D56*(1-'Phí sàn theo shop'!$D$2)) -> 3.8941512 | F56: =SUMIFS('Raw Data - Sản phẩm'!$F:$F,'Raw Data - Sản phẩm'!$D:$D,"Tinh Dầu Nước Hoa Thơm Phòng Cắm Que Khuếch Tán Aroma Story - Size 50ml/100ml",'Raw Data - Sản phẩm'!$B:$B,"Aroma Story - The Art Of Scent",'Raw Data - Sản phẩm'!$A:$A,">="&DATE(2026,6,8),'Raw Data - Sản phẩm'!$A:$A,"<="&DATE(2026,7,7)) -> 111244 | G56: =SUMIFS('Raw Data - Sản phẩm'!$G:$G,'Raw Data - Sản phẩm'!$D:$D,"Tinh Dầu Nước Hoa Thơm Phòng Cắm Que Khuếch Tán Aroma Story - Size 50ml/100ml",'Raw Data - Sản phẩm'!$B:$B,"Aroma Story - The Art Of Scent",'Raw Data - Sản phẩm'!$A:$A,">="&DATE(2026,6,8),'Raw Data - Sản phẩm'!$A:$A,"<="&DATE(2026,7,7)) -> 0 | H56: =IF(F56=0,0,G56/F56) -> 0 | I56: =IF(F56=0,0,H56*(1-'Phí sàn theo shop'!$D$3)) -> 0 | J56: =IF(OR(B56=0,F56=0),IF(B56=0,"Chỉ TAOS có data",IF(F56=0,"Chỉ GHT có data","-")),IF(ABS(E56-I56)/MAX(E56,I56)<0.03,"Ngang nhau -> uu tien GHT",IF(E56>I56,"Don ve GHT","Don ve TAOS"))) -> Don ve GHT
A57: Xịt Thơm Phòng, Quần Áo, Ô Tô Aroma Story – Khử Mùi, Lưu Hương Lâu, Nhiều Hương Size 200ml | B57: =SUMIFS('Raw Data - Sản phẩm'!$F:$F,'Raw Data - Sản phẩm'!$D:$D,"Xịt Thơm Phòng, Quần Áo, Ô Tô Aroma Story – Khử Mùi, Lưu Hương Lâu, Nhiều Hương Size 200ml",'Raw Data - Sản phẩm'!$B:$B,"Aroma Story - Góc Hương Thơm",'Raw Data - Sản phẩm'!$A:$A,">="&DATE(2026,6,8),'Raw Data - Sản phẩm'!$A:$A,"<="&DATE(2026,7,7)) -> 1142913 | C57: =SUMIFS('Raw Data - Sản phẩm'!$G:$G,'Raw Data - Sản phẩm'!$D:$D,"Xịt Thơm Phòng, Quần Áo, Ô Tô Aroma Story – Khử Mùi, Lưu Hương Lâu, Nhiều Hương Size 200ml",'Raw Data - Sản phẩm'!$B:$B,"Aroma Story - Góc Hương Thơm",'Raw Data - Sản phẩm'!$A:$A,">="&DATE(2026,6,8),'Raw Data - Sản phẩm'!$A:$A,"<="&DATE(2026,7,7)) -> 4681547 | D57: =IF(B57=0,0,C57/B57) -> 4.0961534 | E57: =IF(B57=0,0,D57*(1-'Phí sàn theo shop'!$D$2)) -> 3.1277647 | F57: =SUMIFS('Raw Data - Sản phẩm'!$F:$F,'Raw Data - Sản phẩm'!$D:$D,"Xịt Thơm Phòng, Quần Áo, Ô Tô Aroma Story – Khử Mùi, Lưu Hương Lâu, Nhiều Hương Size 200ml",'Raw Data - Sản phẩm'!$B:$B,"Aroma Story - The Art Of Scent",'Raw Data - Sản phẩm'!$A:$A,">="&DATE(2026,6,8),'Raw Data - Sản phẩm'!$A:$A,"<="&DATE(2026,7,7)) -> 0 | G57: =SUMIFS('Raw Data - Sản phẩm'!$G:$G,'Raw Data - Sản phẩm'!$D:$D,"Xịt Thơm Phòng, Quần Áo, Ô Tô Aroma Story – Khử Mùi, Lưu Hương Lâu, Nhiều Hương Size 200ml",'Raw Data - Sản phẩm'!$B:$B,"Aroma Story - The Art Of Scent",'Raw Data - Sản phẩm'!$A:$A,">="&DATE(2026,6,8),'Raw Data - Sản phẩm'!$A:$A,"<="&DATE(2026,7,7)) -> 0 | H57: =IF(F57=0,0,G57/F57) -> 0 | I57: =IF(F57=0,0,H57*(1-'Phí sàn theo shop'!$D$3)) -> 0 | J57: =IF(OR(B57=0,F57=0),IF(B57=0,"Chỉ TAOS có data",IF(F57=0,"Chỉ GHT có data","-")),IF(ABS(E57-I57)/MAX(E57,I57)<0.03,"Ngang nhau -> uu tien GHT",IF(E57>I57,"Don ve GHT","Don ve TAOS"))) -> Chỉ GHT có data
A58: TONG - TAT CA ADS (blended) | B58: =SUMIFS('Raw Data - Sản phẩm'!$F:$F,'Raw Data - Sản phẩm'!$B:$B,"Aroma Story - Góc Hương Thơm",'Raw Data - Sản phẩm'!$A:$A,">="&DATE(2026,6,8),'Raw Data - Sản phẩm'!$A:$A,"<="&DATE(2026,7,7)) -> 33438839 | C58: =SUMIFS('Raw Data - Sản phẩm'!$G:$G,'Raw Data - Sản phẩm'!$B:$B,"Aroma Story - Góc Hương Thơm",'Raw Data - Sản phẩm'!$A:$A,">="&DATE(2026,6,8),'Raw Data - Sản phẩm'!$A:$A,"<="&DATE(2026,7,7)) -> 156194688 | D58: =IF(B58=0,0,C58/B58) -> 4.671056 | E58: =IF(B58=0,0,D58*(1-'Phí sàn theo shop'!$D$2)) -> 3.5667522 | F58: =SUMIFS('Raw Data - Sản phẩm'!$F:$F,'Raw Data - Sản phẩm'!$B:$B,"Aroma Story - The Art Of Scent",'Raw Data - Sản phẩm'!$A:$A,">="&DATE(2026,6,8),'Raw Data - Sản phẩm'!$A:$A,"<="&DATE(2026,7,7)) -> 46031444 | G58: =SUMIFS('Raw Data - Sản phẩm'!$G:$G,'Raw Data - Sản phẩm'!$B:$B,"Aroma Story - The Art Of Scent",'Raw Data - Sản phẩm'!$A:$A,">="&DATE(2026,6,8),'Raw Data - Sản phẩm'!$A:$A,"<="&DATE(2026,7,7)) -> 231871213 | H58: =IF(F58=0,0,G58/F58) -> 5.0372353 | I58: =IF(F58=0,0,H58*(1-'Phí sàn theo shop'!$D$3)) -> 3.4712036
A60: KHUNG 90 NGÀY (2026-04-09 -> 2026-07-07)
A61: San pham | B61: GOC HUONG THOM | F61: THE ART OF SCENT | J61: Khuyen nghi
B62: Chi phi | C62: Doanh so | D62: ROAS | E62: ROAS sau phi | F62: Chi phi | G62: Doanh so | H62: ROAS | I62: ROAS sau phi
A63: Bộ Sản Phẩm Tinh Dầu Cà Phê & Lọ Tán Hương Aroma Story – Hương Thơm Tự Nhiên, Giúp Tập Trung & Thư Giãn | B63: =SUMIFS('Raw Data - Sản phẩm'!$F:$F,'Raw Data - Sản phẩm'!$D:$D,"Bộ Sản Phẩm Tinh Dầu Cà Phê & Lọ Tán Hương Aroma Story – Hương Thơm Tự Nhiên, Giúp Tập Trung & Thư Giãn",'Raw Data - Sản phẩm'!$B:$B,"Aroma Story - Góc Hương Thơm",'Raw Data - Sản phẩm'!$A:$A,">="&DATE(2026,4,9),'Raw Data - Sản phẩm'!$A:$A,"<="&DATE(2026,7,7)) -> 411640 | C63: =SUMIFS('Raw Data - Sản phẩm'!$G:$G,'Raw Data - Sản phẩm'!$D:$D,"Bộ Sản Phẩm Tinh Dầu Cà Phê & Lọ Tán Hương Aroma Story – Hương Thơm Tự Nhiên, Giúp Tập Trung & Thư Giãn",'Raw Data - Sản phẩm'!$B:$B,"Aroma Story - Góc Hương Thơm",'Raw Data - Sản phẩm'!$A:$A,">="&DATE(2026,4,9),'Raw Data - Sản phẩm'!$A:$A,"<="&DATE(2026,7,7)) -> 1291534 | D63: =IF(B63=0,0,C63/B63) -> 3.1375328 | E63: =IF(B63=0,0,D63*(1-'Phí sàn theo shop'!$D$2)) -> 2.3957756 | F63: =SUMIFS('Raw Data - Sản phẩm'!$F:$F,'Raw Data - Sản phẩm'!$D:$D,"Bộ Sản Phẩm Tinh Dầu Cà Phê & Lọ Tán Hương Aroma Story – Hương Thơm Tự Nhiên, Giúp Tập Trung & Thư Giãn",'Raw Data - Sản phẩm'!$B:$B,"Aroma Story - The Art Of Scent",'Raw Data - Sản phẩm'!$A:$A,">="&DATE(2026,4,9),'Raw Data - Sản phẩm'!$A:$A,"<="&DATE(2026,7,7)) -> 0 | G63: =SUMIFS('Raw Data - Sản phẩm'!$G:$G,'Raw Data - Sản phẩm'!$D:$D,"Bộ Sản Phẩm Tinh Dầu Cà Phê & Lọ Tán Hương Aroma Story – Hương Thơm Tự Nhiên, Giúp Tập Trung & Thư Giãn",'Raw Data - Sản phẩm'!$B:$B,"Aroma Story - The Art Of Scent",'Raw Data - Sản phẩm'!$A:$A,">="&DATE(2026,4,9),'Raw Data - Sản phẩm'!$A:$A,"<="&DATE(2026,7,7)) -> 0 | H63: =IF(F63=0,0,G63/F63) -> 0 | I63: =IF(F63=0,0,H63*(1-'Phí sàn theo shop'!$D$3)) -> 0 | J63: =IF(OR(B63=0,F63=0),IF(B63=0,"Chỉ TAOS có data",IF(F63=0,"Chỉ GHT có data","-")),IF(ABS(E63-I63)/MAX(E63,I63)<0.03,"Ngang nhau -> uu tien GHT",IF(E63>I63,"Don ve GHT","Don ve TAOS"))) -> Chỉ GHT có data
A64: BST Nước Hoa Nam Aroma Story EDP 30ml – Hương Thơm Nam Tính, Cuốn Hút | B64: =SUMIFS('Raw Data - Sản phẩm'!$F:$F,'Raw Data - Sản phẩm'!$D:$D,"BST Nước Hoa Nam Aroma Story EDP 30ml – Hương Thơm Nam Tính, Cuốn Hút",'Raw Data - Sản phẩm'!$B:$B,"Aroma Story - Góc Hương Thơm",'Raw Data - Sản phẩm'!$A:$A,">="&DATE(2026,4,9),'Raw Data - Sản phẩm'!$A:$A,"<="&DATE(2026,7,7)) -> 603543 | C64: =SUMIFS('Raw Data - Sản phẩm'!$G:$G,'Raw Data - Sản phẩm'!$D:$D,"BST Nước Hoa Nam Aroma Story EDP 30ml – Hương Thơm Nam Tính, Cuốn Hút",'Raw Data - Sản phẩm'!$B:$B,"Aroma Story - Góc Hương Thơm",'Raw Data - Sản phẩm'!$A:$A,">="&DATE(2026,4,9),'Raw Data - Sản phẩm'!$A:$A,"<="&DATE(2026,7,7)) -> 2415284 | D64: =IF(B64=0,0,C64/B64) -> 4.0018425 | E64: =IF(B64=0,0,D64*(1-'Phí sàn theo shop'!$D$2)) -> 3.0557502 | F64: =SUMIFS('Raw Data - Sản phẩm'!$F:$F,'Raw Data - Sản phẩm'!$D:$D,"BST Nước Hoa Nam Aroma Story EDP 30ml – Hương Thơm Nam Tính, Cuốn Hút",'Raw Data - Sản phẩm'!$B:$B,"Aroma Story - The Art Of Scent",'Raw Data - Sản phẩm'!$A:$A,">="&DATE(2026,4,9),'Raw Data - Sản phẩm'!$A:$A,"<="&DATE(2026,7,7)) -> 0 | G64: =SUMIFS('Raw Data - Sản phẩm'!$G:$G,'Raw Data - Sản phẩm'!$D:$D,"BST Nước Hoa Nam Aroma Story EDP 30ml – Hương Thơm Nam Tính, Cuốn Hút",'Raw Data - Sản phẩm'!$B:$B,"Aroma Story - The Art Of Scent",'Raw Data - Sản phẩm'!$A:$A,">="&DATE(2026,4,9),'Raw Data - Sản phẩm'!$A:$A,"<="&DATE(2026,7,7)) -> 0 | H64: =IF(F64=0,0,G64/F64) -> 0 | I64: =IF(F64=0,0,H64*(1-'Phí sàn theo shop'!$D$3)) -> 0 | J64: =IF(OR(B64=0,F64=0),IF(B64=0,"Chỉ TAOS có data",IF(F64=0,"Chỉ GHT có data","-")),IF(ABS(E64-I64)/MAX(E64,I64)<0.03,"Ngang nhau -> uu tien GHT",IF(E64>I64,"Don ve GHT","Don ve TAOS"))) -> Chỉ GHT có data
A65: BST Nước Hoa Nữ Aroma Story EDP 30ml – Hương Thơm, Nữ Tính, Thanh Lịch | B65: =SUMIFS('Raw Data - Sản phẩm'!$F:$F,'Raw Data - Sản phẩm'!$D:$D,"BST Nước Hoa Nữ Aroma Story EDP 30ml – Hương Thơm, Nữ Tính, Thanh Lịch",'Raw Data - Sản phẩm'!$B:$B,"Aroma Story - Góc Hương Thơm",'Raw Data - Sản phẩm'!$A:$A,">="&DATE(2026,4,9),'Raw Data - Sản phẩm'!$A:$A,"<="&DATE(2026,7,7)) -> 450993 | C65: =SUMIFS('Raw Data - Sản phẩm'!$G:$G,'Raw Data - Sản phẩm'!$D:$D,"BST Nước Hoa Nữ Aroma Story EDP 30ml – Hương Thơm, Nữ Tính, Thanh Lịch",'Raw Data - Sản phẩm'!$B:$B,"Aroma Story - Góc Hương Thơm",'Raw Data - Sản phẩm'!$A:$A,">="&DATE(2026,4,9),'Raw Data - Sản phẩm'!$A:$A,"<="&DATE(2026,7,7)) -> 1440800 | D65: =IF(B65=0,0,C65/B65) -> 3.1947281 | E65: =IF(B65=0,0,D65*(1-'Phí sàn theo shop'!$D$2)) -> 2.4394491 | F65: =SUMIFS('Raw Data - Sản phẩm'!$F:$F,'Raw Data - Sản phẩm'!$D:$D,"BST Nước Hoa Nữ Aroma Story EDP 30ml – Hương Thơm, Nữ Tính, Thanh Lịch",'Raw Data - Sản phẩm'!$B:$B,"Aroma Story - The Art Of Scent",'Raw Data - Sản phẩm'!$A:$A,">="&DATE(2026,4,9),'Raw Data - Sản phẩm'!$A:$A,"<="&DATE(2026,7,7)) -> 0 | G65: =SUMIFS('Raw Data - Sản phẩm'!$G:$G,'Raw Data - Sản phẩm'!$D:$D,"BST Nước Hoa Nữ Aroma Story EDP 30ml – Hương Thơm, Nữ Tính, Thanh Lịch",'Raw Data - Sản phẩm'!$B:$B,"Aroma Story - The Art Of Scent",'Raw Data - Sản phẩm'!$A:$A,">="&DATE(2026,4,9),'Raw Data - Sản phẩm'!$A:$A,"<="&DATE(2026,7,7)) -> 0 | H65: =IF(F65=0,0,G65/F65) -> 0 | I65: =IF(F65=0,0,H65*(1-'Phí sàn theo shop'!$D$3)) -> 0 | J65: =IF(OR(B65=0,F65=0),IF(B65=0,"Chỉ TAOS có data",IF(F65=0,"Chỉ GHT có data","-")),IF(ABS(E65-I65)/MAX(E65,I65)<0.03,"Ngang nhau -> uu tien GHT",IF(E65>I65,"Don ve GHT","Don ve TAOS"))) -> Chỉ GHT có data
A66: Nước Hoa Nữ Very Good Girl Aroma Story EDP 30ml – Hương Hoa Ngọt Ngào, Quyến Rũ | B66: =SUMIFS('Raw Data - Sản phẩm'!$F:$F,'Raw Data - Sản phẩm'!$D:$D,"Nước Hoa Nữ Very Good Girl Aroma Story EDP 30ml – Hương Hoa Ngọt Ngào, Quyến Rũ",'Raw Data - Sản phẩm'!$B:$B,"Aroma Story - Góc Hương Thơm",'Raw Data - Sản phẩm'!$A:$A,">="&DATE(2026,4,9),'Raw Data - Sản phẩm'!$A:$A,"<="&DATE(2026,7,7)) -> 187434 | C66: =SUMIFS('Raw Data - Sản phẩm'!$G:$G,'Raw Data - Sản phẩm'!$D:$D,"Nước Hoa Nữ Very Good Girl Aroma Story EDP 30ml – Hương Hoa Ngọt Ngào, Quyến Rũ",'Raw Data - Sản phẩm'!$B:$B,"Aroma Story - Góc Hương Thơm",'Raw Data - Sản phẩm'!$A:$A,">="&DATE(2026,4,9),'Raw Data - Sản phẩm'!$A:$A,"<="&DATE(2026,7,7)) -> 269441 | D66: =IF(B66=0,0,C66/B66) -> 1.4375247 | E66: =IF(B66=0,0,D66*(1-'Phí sàn theo shop'!$D$2)) -> 1.0976735 | F66: =SUMIFS('Raw Data - Sản phẩm'!$F:$F,'Raw Data - Sản phẩm'!$D:$D,"Nước Hoa Nữ Very Good Girl Aroma Story EDP 30ml – Hương Hoa Ngọt Ngào, Quyến Rũ",'Raw Data - Sản phẩm'!$B:$B,"Aroma Story - The Art Of Scent",'Raw Data - Sản phẩm'!$A:$A,">="&DATE(2026,4,9),'Raw Data - Sản phẩm'!$A:$A,"<="&DATE(2026,7,7)) -> 0 | G66: =SUMIFS('Raw Data - Sản phẩm'!$G:$G,'Raw Data - Sản phẩm'!$D:$D,"Nước Hoa Nữ Very Good Girl Aroma Story EDP 30ml – Hương Hoa Ngọt Ngào, Quyến Rũ",'Raw Data - Sản phẩm'!$B:$B,"Aroma Story - The Art Of Scent",'Raw Data - Sản phẩm'!$A:$A,">="&DATE(2026,4,9),'Raw Data - Sản phẩm'!$A:$A,"<="&DATE(2026,7,7)) -> 0 | H66: =IF(F66=0,0,G66/F66) -> 0 | I66: =IF(F66=0,0,H66*(1-'Phí sàn theo shop'!$D$3)) -> 0 | J66: =IF(OR(B66=0,F66=0),IF(B66=0,"Chỉ TAOS có data",IF(F66=0,"Chỉ GHT có data","-")),IF(ABS(E66-I66)/MAX(E66,I66)<0.03,"Ngang nhau -> uu tien GHT",IF(E66>I66,"Don ve GHT","Don ve TAOS"))) -> Chỉ GHT có data
A67: Nước Hoa Tóc Aroma Story Giúp Thơm Mượt Tóc, Tránh Bết, Khử Mùi, Size 10ml/100ml | B67: =SUMIFS('Raw Data - Sản phẩm'!$F:$F,'Raw Data - Sản phẩm'!$D:$D,"Nước Hoa Tóc Aroma Story Giúp Thơm Mượt Tóc, Tránh Bết, Khử Mùi, Size 10ml/100ml",'Raw Data - Sản phẩm'!$B:$B,"Aroma Story - Góc Hương Thơm",'Raw Data - Sản phẩm'!$A:$A,">="&DATE(2026,4,9),'Raw Data - Sản phẩm'!$A:$A,"<="&DATE(2026,7,7)) -> 1746068 | C67: =SUMIFS('Raw Data - Sản phẩm'!$G:$G,'Raw Data - Sản phẩm'!$D:$D,"Nước Hoa Tóc Aroma Story Giúp Thơm Mượt Tóc, Tránh Bết, Khử Mùi, Size 10ml/100ml",'Raw Data - Sản phẩm'!$B:$B,"Aroma Story - Góc Hương Thơm",'Raw Data - Sản phẩm'!$A:$A,">="&DATE(2026,4,9),'Raw Data - Sản phẩm'!$A:$A,"<="&DATE(2026,7,7)) -> 7760519 | D67: =IF(B67=0,0,C67/B67) -> 4.4445686 | E67: =IF(B67=0,0,D67*(1-'Phí sàn theo shop'!$D$2)) -> 3.3938096 | F67: =SUMIFS('Raw Data - Sản phẩm'!$F:$F,'Raw Data - Sản phẩm'!$D:$D,"Nước Hoa Tóc Aroma Story Giúp Thơm Mượt Tóc, Tránh Bết, Khử Mùi, Size 10ml/100ml",'Raw Data - Sản phẩm'!$B:$B,"Aroma Story - The Art Of Scent",'Raw Data - Sản phẩm'!$A:$A,">="&DATE(2026,4,9),'Raw Data - Sản phẩm'!$A:$A,"<="&DATE(2026,7,7)) -> 0 | G67: =SUMIFS('Raw Data - Sản phẩm'!$G:$G,'Raw Data - Sản phẩm'!$D:$D,"Nước Hoa Tóc Aroma Story Giúp Thơm Mượt Tóc, Tránh Bết, Khử Mùi, Size 10ml/100ml",'Raw Data - Sản phẩm'!$B:$B,"Aroma Story - The Art Of Scent",'Raw Data - Sản phẩm'!$A:$A,">="&DATE(2026,4,9),'Raw Data - Sản phẩm'!$A:$A,"<="&DATE(2026,7,7)) -> 0 | H67: =IF(F67=0,0,G67/F67) -> 0 | I67: =IF(F67=0,0,H67*(1-'Phí sàn theo shop'!$D$3)) -> 0 | J67: =IF(OR(B67=0,F67=0),IF(B67=0,"Chỉ TAOS có data",IF(F67=0,"Chỉ GHT có data","-")),IF(ABS(E67-I67)/MAX(E67,I67)<0.03,"Ngang nhau -> uu tien GHT",IF(E67>I67,"Don ve GHT","Don ve TAOS"))) -> Chỉ GHT có data
A68: Xịt Thơm Phòng, Quấn Áo Trà Trắng & Sung Aroma Story, Nước Hoa Xịt Thơm Size 200ml | B68: =SUMIFS('Raw Data - Sản phẩm'!$F:$F,'Raw Data - Sản phẩm'!$D:$D,"Xịt Thơm Phòng, Quấn Áo Trà Trắng & Sung Aroma Story, Nước Hoa Xịt Thơm Size 200ml",'Raw Data - Sản phẩm'!$B:$B,"Aroma Story - Góc Hương Thơm",'Raw Data - Sản phẩm'!$A:$A,">="&DATE(2026,4,9),'Raw Data - Sản phẩm'!$A:$A,"<="&DATE(2026,7,7)) -> 2749389 | C68: =SUMIFS('Raw Data - Sản phẩm'!$G:$G,'Raw Data - Sản phẩm'!$D:$D,"Xịt Thơm Phòng, Quấn Áo Trà Trắng & Sung Aroma Story, Nước Hoa Xịt Thơm Size 200ml",'Raw Data - Sản phẩm'!$B:$B,"Aroma Story - Góc Hương Thơm",'Raw Data - Sản phẩm'!$A:$A,">="&DATE(2026,4,9),'Raw Data - Sản phẩm'!$A:$A,"<="&DATE(2026,7,7)) -> 10378505 | D68: =IF(B68=0,0,C68/B68) -> 3.7748405 | E68: =IF(B68=0,0,D68*(1-'Phí sàn theo shop'!$D$2)) -> 2.8824148 | F68: =SUMIFS('Raw Data - Sản phẩm'!$F:$F,'Raw Data - Sản phẩm'!$D:$D,"Xịt Thơm Phòng, Quấn Áo Trà Trắng & Sung Aroma Story, Nước Hoa Xịt Thơm Size 200ml",'Raw Data - Sản phẩm'!$B:$B,"Aroma Story - The Art Of Scent",'Raw Data - Sản phẩm'!$A:$A,">="&DATE(2026,4,9),'Raw Data - Sản phẩm'!$A:$A,"<="&DATE(2026,7,7)) -> 0 | G68: =SUMIFS('Raw Data - Sản phẩm'!$G:$G,'Raw Data - Sản phẩm'!$D:$D,"Xịt Thơm Phòng, Quấn Áo Trà Trắng & Sung Aroma Story, Nước Hoa Xịt Thơm Size 200ml",'Raw Data - Sản phẩm'!$B:$B,"Aroma Story - The Art Of Scent",'Raw Data - Sản phẩm'!$A:$A,">="&DATE(2026,4,9),'Raw Data - Sản phẩm'!$A:$A,"<="&DATE(2026,7,7)) -> 0 | H68: =IF(F68=0,0,G68/F68) -> 0 | I68: =IF(F68=0,0,H68*(1-'Phí sàn theo shop'!$D$3)) -> 0 | J68: =IF(OR(B68=0,F68=0),IF(B68=0,"Chỉ TAOS có data",IF(F68=0,"Chỉ GHT có data","-")),IF(ABS(E68-I68)/MAX(E68,I68)<0.03,"Ngang nhau -> uu tien GHT",IF(E68>I68,"Don ve GHT","Don ve TAOS"))) -> Chỉ GHT có data
A69: Combo Quà Tặng Nến Thơm Aroma Story Tặng Người Yêu, Bạn Bè Dịp Sinh Nhật, Kỷ Niệm | B69: =SUMIFS('Raw Data - Sản phẩm'!$F:$F,'Raw Data - Sản phẩm'!$D:$D,"Combo Quà Tặng Nến Thơm Aroma Story Tặng Người Yêu, Bạn Bè Dịp Sinh Nhật, Kỷ Niệm",'Raw Data - Sản phẩm'!$B:$B,"Aroma Story - Góc Hương Thơm",'Raw Data - Sản phẩm'!$A:$A,">="&DATE(2026,4,9),'Raw Data - Sản phẩm'!$A:$A,"<="&DATE(2026,7,7)) -> 732572 | C69: =SUMIFS('Raw Data - Sản phẩm'!$G:$G,'Raw Data - Sản phẩm'!$D:$D,"Combo Quà Tặng Nến Thơm Aroma Story Tặng Người Yêu, Bạn Bè Dịp Sinh Nhật, Kỷ Niệm",'Raw Data - Sản phẩm'!$B:$B,"Aroma Story - Góc Hương Thơm",'Raw Data - Sản phẩm'!$A:$A,">="&DATE(2026,4,9),'Raw Data - Sản phẩm'!$A:$A,"<="&DATE(2026,7,7)) -> 3556417 | D69: =IF(B69=0,0,C69/B69) -> 4.8546996 | E69: =IF(B69=0,0,D69*(1-'Phí sàn theo shop'!$D$2)) -> 3.7069799 | F69: =SUMIFS('Raw Data - Sản phẩm'!$F:$F,'Raw Data - Sản phẩm'!$D:$D,"Combo Quà Tặng Nến Thơm Aroma Story Tặng Người Yêu, Bạn Bè Dịp Sinh Nhật, Kỷ Niệm",'Raw Data - Sản phẩm'!$B:$B,"Aroma Story - The Art Of Scent",'Raw Data - Sản phẩm'!$A:$A,">="&DATE(2026,4,9),'Raw Data - Sản phẩm'!$A:$A,"<="&DATE(2026,7,7)) -> 0 | G69: =SUMIFS('Raw Data - Sản phẩm'!$G:$G,'Raw Data - Sản phẩm'!$D:$D,"Combo Quà Tặng Nến Thơm Aroma Story Tặng Người Yêu, Bạn Bè Dịp Sinh Nhật, Kỷ Niệm",'Raw Data - Sản phẩm'!$B:$B,"Aroma Story - The Art Of Scent",'Raw Data - Sản phẩm'!$A:$A,">="&DATE(2026,4,9),'Raw Data - Sản phẩm'!$A:$A,"<="&DATE(2026,7,7)) -> 0 | H69: =IF(F69=0,0,G69/F69) -> 0 | I69: =IF(F69=0,0,H69*(1-'Phí sàn theo shop'!$D$3)) -> 0 | J69: =IF(OR(B69=0,F69=0),IF(B69=0,"Chỉ TAOS có data",IF(F69=0,"Chỉ GHT có data","-")),IF(ABS(E69-I69)/MAX(E69,I69)<0.03,"Ngang nhau -> uu tien GHT",IF(E69>I69,"Don ve GHT","Don ve TAOS"))) -> Chỉ GHT có data
A70: Nến Thơm Cao Cấp Aroma Story Nhiều Hương Cốc Gốm Sứ, Xi Măng, Thủy Tinh Size 100g - 250g | B70: =SUMIFS('Raw Data - Sản phẩm'!$F:$F,'Raw Data - Sản phẩm'!$D:$D,"Nến Thơm Cao Cấp Aroma Story Nhiều Hương Cốc Gốm Sứ, Xi Măng, Thủy Tinh Size 100g - 250g",'Raw Data - Sản phẩm'!$B:$B,"Aroma Story - Góc Hương Thơm",'Raw Data - Sản phẩm'!$A:$A,">="&DATE(2026,4,9),'Raw Data - Sản phẩm'!$A:$A,"<="&DATE(2026,7,7)) -> 775138 | C70: =SUMIFS('Raw Data - Sản phẩm'!$G:$G,'Raw Data - Sản phẩm'!$D:$D,"Nến Thơm Cao Cấp Aroma Story Nhiều Hương Cốc Gốm Sứ, Xi Măng, Thủy Tinh Size 100g - 250g",'Raw Data - Sản phẩm'!$B:$B,"Aroma Story - Góc Hương Thơm",'Raw Data - Sản phẩm'!$A:$A,">="&DATE(2026,4,9),'Raw Data - Sản phẩm'!$A:$A,"<="&DATE(2026,7,7)) -> 2005039 | D70: =IF(B70=0,0,C70/B70) -> 2.5866865 | E70: =IF(B70=0,0,D70*(1-'Phí sàn theo shop'!$D$2)) -> 1.9751572 | F70: =SUMIFS('Raw Data - Sản phẩm'!$F:$F,'Raw Data - Sản phẩm'!$D:$D,"Nến Thơm Cao Cấp Aroma Story Nhiều Hương Cốc Gốm Sứ, Xi Măng, Thủy Tinh Size 100g - 250g",'Raw Data - Sản phẩm'!$B:$B,"Aroma Story - The Art Of Scent",'Raw Data - Sản phẩm'!$A:$A,">="&DATE(2026,4,9),'Raw Data - Sản phẩm'!$A:$A,"<="&DATE(2026,7,7)) -> 16191283 | G70: =SUMIFS('Raw Data - Sản phẩm'!$G:$G,'Raw Data - Sản phẩm'!$D:$D,"Nến Thơm Cao Cấp Aroma Story Nhiều Hương Cốc Gốm Sứ, Xi Măng, Thủy Tinh Size 100g - 250g",'Raw Data - Sản phẩm'!$B:$B,"Aroma Story - The Art Of Scent",'Raw Data - Sản phẩm'!$A:$A,">="&DATE(2026,4,9),'Raw Data - Sản phẩm'!$A:$A,"<="&DATE(2026,7,7)) -> 82753400 | H70: =IF(F70=0,0,G70/F70) -> 5.1109847 | I70: =IF(F70=0,0,H70*(1-'Phí sàn theo shop'!$D$3)) -> 3.522025 | J70: =IF(OR(B70=0,F70=0),IF(B70=0,"Chỉ TAOS có data",IF(F70=0,"Chỉ GHT có data","-")),IF(ABS(E70-I70)/MAX(E70,I70)<0.03,"Ngang nhau -> uu tien GHT",IF(E70>I70,"Don ve GHT","Don ve TAOS"))) -> Don ve TAOS
A71: Nến Thơm Cao Cấp Thư Giãn Dễ Ngủ Với Nhiều Hương, Cốc Thủy Tinh & Xi Măng Size 200g | B71: =SUMIFS('Raw Data - Sản phẩm'!$F:$F,'Raw Data - Sản phẩm'!$D:$D,"Nến Thơm Cao Cấp Thư Giãn Dễ Ngủ Với Nhiều Hương, Cốc Thủy Tinh & Xi Măng Size 200g",'Raw Data - Sản phẩm'!$B:$B,"Aroma Story - Góc Hương Thơm",'Raw Data - Sản phẩm'!$A:$A,">="&DATE(2026,4,9),'Raw Data - Sản phẩm'!$A:$A,"<="&DATE(2026,7,7)) -> 23571112 | C71: =SUMIFS('Raw Data - Sản phẩm'!$G:$G,'Raw Data - Sản phẩm'!$D:$D,"Nến Thơm Cao Cấp Thư Giãn Dễ Ngủ Với Nhiều Hương, Cốc Thủy Tinh & Xi Măng Size 200g",'Raw Data - Sản phẩm'!$B:$B,"Aroma Story - Góc Hương Thơm",'Raw Data - Sản phẩm'!$A:$A,">="&DATE(2026,4,9),'Raw Data - Sản phẩm'!$A:$A,"<="&DATE(2026,7,7)) -> 103868828 | D71: =IF(B71=0,0,C71/B71) -> 4.4066155 | E71: =IF(B71=0,0,D71*(1-'Phí sàn theo shop'!$D$2)) -> 3.3648292 | F71: =SUMIFS('Raw Data - Sản phẩm'!$F:$F,'Raw Data - Sản phẩm'!$D:$D,"Nến Thơm Cao Cấp Thư Giãn Dễ Ngủ Với Nhiều Hương, Cốc Thủy Tinh & Xi Măng Size 200g",'Raw Data - Sản phẩm'!$B:$B,"Aroma Story - The Art Of Scent",'Raw Data - Sản phẩm'!$A:$A,">="&DATE(2026,4,9),'Raw Data - Sản phẩm'!$A:$A,"<="&DATE(2026,7,7)) -> 4489785 | G71: =SUMIFS('Raw Data - Sản phẩm'!$G:$G,'Raw Data - Sản phẩm'!$D:$D,"Nến Thơm Cao Cấp Thư Giãn Dễ Ngủ Với Nhiều Hương, Cốc Thủy Tinh & Xi Măng Size 200g",'Raw Data - Sản phẩm'!$B:$B,"Aroma Story - The Art Of Scent",'Raw Data - Sản phẩm'!$A:$A,">="&DATE(2026,4,9),'Raw Data - Sản phẩm'!$A:$A,"<="&DATE(2026,7,7)) -> 19803910 | H71: =IF(F71=0,0,G71/F71) -> 4.4108816 | I71: =IF(F71=0,0,H71*(1-'Phí sàn theo shop'!$D$3)) -> 3.0395778 | J71: =IF(OR(B71=0,F71=0),IF(B71=0,"Chỉ TAOS có data",IF(F71=0,"Chỉ GHT có data","-")),IF(ABS(E71-I71)/MAX(E71,I71)<0.03,"Ngang nhau -> uu tien GHT",IF(E71>I71,"Don ve GHT","Don ve TAOS"))) -> Don ve GHT
A72: Nến Thơm Quà Tặng Aroma Story Cho Bạn Bè, Người Yêu Nhân Dịp Sinh Nhật, Kỷ Niệm Và Tốt Nghiệp | B72: =SUMIFS('Raw Data - Sản phẩm'!$F:$F,'Raw Data - Sản phẩm'!$D:$D,"Nến Thơm Quà Tặng Aroma Story Cho Bạn Bè, Người Yêu Nhân Dịp Sinh Nhật, Kỷ Niệm Và Tốt Nghiệp",'Raw Data - Sản phẩm'!$B:$B,"Aroma Story - Góc Hương Thơm",'Raw Data - Sản phẩm'!$A:$A,">="&DATE(2026,4,9),'Raw Data - Sản phẩm'!$A:$A,"<="&DATE(2026,7,7)) -> 0 | C72: =SUMIFS('Raw Data - Sản phẩm'!$G:$G,'Raw Data - Sản phẩm'!$D:$D,"Nến Thơm Quà Tặng Aroma Story Cho Bạn Bè, Người Yêu Nhân Dịp Sinh Nhật, Kỷ Niệm Và Tốt Nghiệp",'Raw Data - Sản phẩm'!$B:$B,"Aroma Story - Góc Hương Thơm",'Raw Data - Sản phẩm'!$A:$A,">="&DATE(2026,4,9),'Raw Data - Sản phẩm'!$A:$A,"<="&DATE(2026,7,7)) -> 0 | D72: =IF(B72=0,0,C72/B72) -> 0 | E72: =IF(B72=0,0,D72*(1-'Phí sàn theo shop'!$D$2)) -> 0 | F72: =SUMIFS('Raw Data - Sản phẩm'!$F:$F,'Raw Data - Sản phẩm'!$D:$D,"Nến Thơm Quà Tặng Aroma Story Cho Bạn Bè, Người Yêu Nhân Dịp Sinh Nhật, Kỷ Niệm Và Tốt Nghiệp",'Raw Data - Sản phẩm'!$B:$B,"Aroma Story - The Art Of Scent",'Raw Data - Sản phẩm'!$A:$A,">="&DATE(2026,4,9),'Raw Data - Sản phẩm'!$A:$A,"<="&DATE(2026,7,7)) -> 747798 | G72: =SUMIFS('Raw Data - Sản phẩm'!$G:$G,'Raw Data - Sản phẩm'!$D:$D,"Nến Thơm Quà Tặng Aroma Story Cho Bạn Bè, Người Yêu Nhân Dịp Sinh Nhật, Kỷ Niệm Và Tốt Nghiệp",'Raw Data - Sản phẩm'!$B:$B,"Aroma Story - The Art Of Scent",'Raw Data - Sản phẩm'!$A:$A,">="&DATE(2026,4,9),'Raw Data - Sản phẩm'!$A:$A,"<="&DATE(2026,7,7)) -> 2782410 | H72: =IF(F72=0,0,G72/F72) -> 3.7208043 | I72: =IF(F72=0,0,H72*(1-'Phí sàn theo shop'!$D$3)) -> 2.5640393 | J72: =IF(OR(B72=0,F72=0),IF(B72=0,"Chỉ TAOS có data",IF(F72=0,"Chỉ GHT có data","-")),IF(ABS(E72-I72)/MAX(E72,I72)<0.03,"Ngang nhau -> uu tien GHT",IF(E72>I72,"Don ve GHT","Don ve TAOS"))) -> Chỉ TAOS có data
A73: Nến Thơm Quà Tặng Aroma Story Dành Tặng Dịp Sinh Nhật, Kỷ Niệm Cho Nữ, Nam Người Thân Và Bạn Bè | B73: =SUMIFS('Raw Data - Sản phẩm'!$F:$F,'Raw Data - Sản phẩm'!$D:$D,"Nến Thơm Quà Tặng Aroma Story Dành Tặng Dịp Sinh Nhật, Kỷ Niệm Cho Nữ, Nam Người Thân Và Bạn Bè",'Raw Data - Sản phẩm'!$B:$B,"Aroma Story - Góc Hương Thơm",'Raw Data - Sản phẩm'!$A:$A,">="&DATE(2026,4,9),'Raw Data - Sản phẩm'!$A:$A,"<="&DATE(2026,7,7)) -> 0 | C73: =SUMIFS('Raw Data - Sản phẩm'!$G:$G,'Raw Data - Sản phẩm'!$D:$D,"Nến Thơm Quà Tặng Aroma Story Dành Tặng Dịp Sinh Nhật, Kỷ Niệm Cho Nữ, Nam Người Thân Và Bạn Bè",'Raw Data - Sản phẩm'!$B:$B,"Aroma Story - Góc Hương Thơm",'Raw Data - Sản phẩm'!$A:$A,">="&DATE(2026,4,9),'Raw Data - Sản phẩm'!$A:$A,"<="&DATE(2026,7,7)) -> 0 | D73: =IF(B73=0,0,C73/B73) -> 0 | E73: =IF(B73=0,0,D73*(1-'Phí sàn theo shop'!$D$2)) -> 0 | F73: =SUMIFS('Raw Data - Sản phẩm'!$F:$F,'Raw Data - Sản phẩm'!$D:$D,"Nến Thơm Quà Tặng Aroma Story Dành Tặng Dịp Sinh Nhật, Kỷ Niệm Cho Nữ, Nam Người Thân Và Bạn Bè",'Raw Data - Sản phẩm'!$B:$B,"Aroma Story - The Art Of Scent",'Raw Data - Sản phẩm'!$A:$A,">="&DATE(2026,4,9),'Raw Data - Sản phẩm'!$A:$A,"<="&DATE(2026,7,7)) -> 827581 | G73: =SUMIFS('Raw Data - Sản phẩm'!$G:$G,'Raw Data - Sản phẩm'!$D:$D,"Nến Thơm Quà Tặng Aroma Story Dành Tặng Dịp Sinh Nhật, Kỷ Niệm Cho Nữ, Nam Người Thân Và Bạn Bè",'Raw Data - Sản phẩm'!$B:$B,"Aroma Story - The Art Of Scent",'Raw Data - Sản phẩm'!$A:$A,">="&DATE(2026,4,9),'Raw Data - Sản phẩm'!$A:$A,"<="&DATE(2026,7,7)) -> 3805300 | H73: =IF(F73=0,0,G73/F73) -> 4.5980998 | I73: =IF(F73=0,0,H73*(1-'Phí sàn theo shop'!$D$3)) -> 3.1685915 | J73: =IF(OR(B73=0,F73=0),IF(B73=0,"Chỉ TAOS có data",IF(F73=0,"Chỉ GHT có data","-")),IF(ABS(E73-I73)/MAX(E73,I73)<0.03,"Ngang nhau -> uu tien GHT",IF(E73>I73,"Don ve GHT","Don ve TAOS"))) -> Chỉ TAOS có data
A74: Nến Thơm Thiên Nhiên Bộ Sưu Tập Little Things Aroma Story Size 50g | B74: =SUMIFS('Raw Data - Sản phẩm'!$F:$F,'Raw Data - Sản phẩm'!$D:$D,"Nến Thơm Thiên Nhiên Bộ Sưu Tập Little Things Aroma Story Size 50g",'Raw Data - Sản phẩm'!$B:$B,"Aroma Story - Góc Hương Thơm",'Raw Data - Sản phẩm'!$A:$A,">="&DATE(2026,4,9),'Raw Data - Sản phẩm'!$A:$A,"<="&DATE(2026,7,7)) -> 2235981 | C74: =SUMIFS('Raw Data - Sản phẩm'!$G:$G,'Raw Data - Sản phẩm'!$D:$D,"Nến Thơm Thiên Nhiên Bộ Sưu Tập Little Things Aroma Story Size 50g",'Raw Data - Sản phẩm'!$B:$B,"Aroma Story - Góc Hương Thơm",'Raw Data - Sản phẩm'!$A:$A,">="&DATE(2026,4,9),'Raw Data - Sản phẩm'!$A:$A,"<="&DATE(2026,7,7)) -> 10515442 | D74: =IF(B74=0,0,C74/B74) -> 4.7028316 | E74: =IF(B74=0,0,D74*(1-'Phí sàn theo shop'!$D$2)) -> 3.5910156 | F74: =SUMIFS('Raw Data - Sản phẩm'!$F:$F,'Raw Data - Sản phẩm'!$D:$D,"Nến Thơm Thiên Nhiên Bộ Sưu Tập Little Things Aroma Story Size 50g",'Raw Data - Sản phẩm'!$B:$B,"Aroma Story - The Art Of Scent",'Raw Data - Sản phẩm'!$A:$A,">="&DATE(2026,4,9),'Raw Data - Sản phẩm'!$A:$A,"<="&DATE(2026,7,7)) -> 11588709 | G74: =SUMIFS('Raw Data - Sản phẩm'!$G:$G,'Raw Data - Sản phẩm'!$D:$D,"Nến Thơm Thiên Nhiên Bộ Sưu Tập Little Things Aroma Story Size 50g",'Raw Data - Sản phẩm'!$B:$B,"Aroma Story - The Art Of Scent",'Raw Data - Sản phẩm'!$A:$A,">="&DATE(2026,4,9),'Raw Data - Sản phẩm'!$A:$A,"<="&DATE(2026,7,7)) -> 55789397 | H74: =IF(F74=0,0,G74/F74) -> 4.8141167 | I74: =IF(F74=0,0,H74*(1-'Phí sàn theo shop'!$D$3)) -> 3.3174506 | J74: =IF(OR(B74=0,F74=0),IF(B74=0,"Chỉ TAOS có data",IF(F74=0,"Chỉ GHT có data","-")),IF(ABS(E74-I74)/MAX(E74,I74)<0.03,"Ngang nhau -> uu tien GHT",IF(E74>I74,"Don ve GHT","Don ve TAOS"))) -> Don ve GHT
A75: SET Quà "NẾN THƠM KHẮC TÊN THEO YÊU CẦU" Aroma Story, Dùng Làm Quà Tặng Dịp Đặc Biệt, Sinh Nhật, 20/10, Tốt Nghiệp,... | B75: =SUMIFS('Raw Data - Sản phẩm'!$F:$F,'Raw Data - Sản phẩm'!$D:$D,"SET Quà ""NẾN THƠM KHẮC TÊN THEO YÊU CẦU"" Aroma Story, Dùng Làm Quà Tặng Dịp Đặc Biệt, Sinh Nhật, 20/10, Tốt Nghiệp,...",'Raw Data - Sản phẩm'!$B:$B,"Aroma Story - Góc Hương Thơm",'Raw Data - Sản phẩm'!$A:$A,">="&DATE(2026,4,9),'Raw Data - Sản phẩm'!$A:$A,"<="&DATE(2026,7,7)) -> 0 | C75: =SUMIFS('Raw Data - Sản phẩm'!$G:$G,'Raw Data - Sản phẩm'!$D:$D,"SET Quà ""NẾN THƠM KHẮC TÊN THEO YÊU CẦU"" Aroma Story, Dùng Làm Quà Tặng Dịp Đặc Biệt, Sinh Nhật, 20/10, Tốt Nghiệp,...",'Raw Data - Sản phẩm'!$B:$B,"Aroma Story - Góc Hương Thơm",'Raw Data - Sản phẩm'!$A:$A,">="&DATE(2026,4,9),'Raw Data - Sản phẩm'!$A:$A,"<="&DATE(2026,7,7)) -> 0 | D75: =IF(B75=0,0,C75/B75) -> 0 | E75: =IF(B75=0,0,D75*(1-'Phí sàn theo shop'!$D$2)) -> 0 | F75: =SUMIFS('Raw Data - Sản phẩm'!$F:$F,'Raw Data - Sản phẩm'!$D:$D,"SET Quà ""NẾN THƠM KHẮC TÊN THEO YÊU CẦU"" Aroma Story, Dùng Làm Quà Tặng Dịp Đặc Biệt, Sinh Nhật, 20/10, Tốt Nghiệp,...",'Raw Data - Sản phẩm'!$B:$B,"Aroma Story - The Art Of Scent",'Raw Data - Sản phẩm'!$A:$A,">="&DATE(2026,4,9),'Raw Data - Sản phẩm'!$A:$A,"<="&DATE(2026,7,7)) -> 13188212 | G75: =SUMIFS('Raw Data - Sản phẩm'!$G:$G,'Raw Data - Sản phẩm'!$D:$D,"SET Quà ""NẾN THƠM KHẮC TÊN THEO YÊU CẦU"" Aroma Story, Dùng Làm Quà Tặng Dịp Đặc Biệt, Sinh Nhật, 20/10, Tốt Nghiệp,...",'Raw Data - Sản phẩm'!$B:$B,"Aroma Story - The Art Of Scent",'Raw Data - Sản phẩm'!$A:$A,">="&DATE(2026,4,9),'Raw Data - Sản phẩm'!$A:$A,"<="&DATE(2026,7,7)) -> 61356495 | H75: =IF(F75=0,0,G75/F75) -> 4.652374 | I75: =IF(F75=0,0,H75*(1-'Phí sàn theo shop'!$D$3)) -> 3.2059923 | J75: =IF(OR(B75=0,F75=0),IF(B75=0,"Chỉ TAOS có data",IF(F75=0,"Chỉ GHT có data","-")),IF(ABS(E75-I75)/MAX(E75,I75)<0.03,"Ngang nhau -> uu tien GHT",IF(E75>I75,"Don ve GHT","Don ve TAOS"))) -> Chỉ TAOS có data
A76: Set Quà Nến Thơm Aroma Story Kèm Phụ Kiện - Quà Sinh Nhật, Kỷ Niệm, Tặng Người Yêu, Bạn Bè | B76: =SUMIFS('Raw Data - Sản phẩm'!$F:$F,'Raw Data - Sản phẩm'!$D:$D,"Set Quà Nến Thơm Aroma Story Kèm Phụ Kiện - Quà Sinh Nhật, Kỷ Niệm, Tặng Người Yêu, Bạn Bè",'Raw Data - Sản phẩm'!$B:$B,"Aroma Story - Góc Hương Thơm",'Raw Data - Sản phẩm'!$A:$A,">="&DATE(2026,4,9),'Raw Data - Sản phẩm'!$A:$A,"<="&DATE(2026,7,7)) -> 188009 | C76: =SUMIFS('Raw Data - Sản phẩm'!$G:$G,'Raw Data - Sản phẩm'!$D:$D,"Set Quà Nến Thơm Aroma Story Kèm Phụ Kiện - Quà Sinh Nhật, Kỷ Niệm, Tặng Người Yêu, Bạn Bè",'Raw Data - Sản phẩm'!$B:$B,"Aroma Story - Góc Hương Thơm",'Raw Data - Sản phẩm'!$A:$A,">="&DATE(2026,4,9),'Raw Data - Sản phẩm'!$A:$A,"<="&DATE(2026,7,7)) -> 0 | D76: =IF(B76=0,0,C76/B76) -> 0 | E76: =IF(B76=0,0,D76*(1-'Phí sàn theo shop'!$D$2)) -> 0 | F76: =SUMIFS('Raw Data - Sản phẩm'!$F:$F,'Raw Data - Sản phẩm'!$D:$D,"Set Quà Nến Thơm Aroma Story Kèm Phụ Kiện - Quà Sinh Nhật, Kỷ Niệm, Tặng Người Yêu, Bạn Bè",'Raw Data - Sản phẩm'!$B:$B,"Aroma Story - The Art Of Scent",'Raw Data - Sản phẩm'!$A:$A,">="&DATE(2026,4,9),'Raw Data - Sản phẩm'!$A:$A,"<="&DATE(2026,7,7)) -> 0 | G76: =SUMIFS('Raw Data - Sản phẩm'!$G:$G,'Raw Data - Sản phẩm'!$D:$D,"Set Quà Nến Thơm Aroma Story Kèm Phụ Kiện - Quà Sinh Nhật, Kỷ Niệm, Tặng Người Yêu, Bạn Bè",'Raw Data - Sản phẩm'!$B:$B,"Aroma Story - The Art Of Scent",'Raw Data - Sản phẩm'!$A:$A,">="&DATE(2026,4,9),'Raw Data - Sản phẩm'!$A:$A,"<="&DATE(2026,7,7)) -> 0 | H76: =IF(F76=0,0,G76/F76) -> 0 | I76: =IF(F76=0,0,H76*(1-'Phí sàn theo shop'!$D$3)) -> 0 | J76: =IF(OR(B76=0,F76=0),IF(B76=0,"Chỉ TAOS có data",IF(F76=0,"Chỉ GHT có data","-")),IF(ABS(E76-I76)/MAX(E76,I76)<0.03,"Ngang nhau -> uu tien GHT",IF(E76>I76,"Don ve GHT","Don ve TAOS"))) -> Chỉ GHT có data
A77: Set Quà Tặng Nến Thơm Aroma Story Dành Tặng Người Yêu, Sinh Nhật, Kỷ Niệm | B77: =SUMIFS('Raw Data - Sản phẩm'!$F:$F,'Raw Data - Sản phẩm'!$D:$D,"Set Quà Tặng Nến Thơm Aroma Story Dành Tặng Người Yêu, Sinh Nhật, Kỷ Niệm",'Raw Data - Sản phẩm'!$B:$B,"Aroma Story - Góc Hương Thơm",'Raw Data - Sản phẩm'!$A:$A,">="&DATE(2026,4,9),'Raw Data - Sản phẩm'!$A:$A,"<="&DATE(2026,7,7)) -> 3686829 | C77: =SUMIFS('Raw Data - Sản phẩm'!$G:$G,'Raw Data - Sản phẩm'!$D:$D,"Set Quà Tặng Nến Thơm Aroma Story Dành Tặng Người Yêu, Sinh Nhật, Kỷ Niệm",'Raw Data - Sản phẩm'!$B:$B,"Aroma Story - Góc Hương Thơm",'Raw Data - Sản phẩm'!$A:$A,">="&DATE(2026,4,9),'Raw Data - Sản phẩm'!$A:$A,"<="&DATE(2026,7,7)) -> 16382145 | D77: =IF(B77=0,0,C77/B77) -> 4.4434241 | E77: =IF(B77=0,0,D77*(1-'Phí sàn theo shop'!$D$2)) -> 3.3929357 | F77: =SUMIFS('Raw Data - Sản phẩm'!$F:$F,'Raw Data - Sản phẩm'!$D:$D,"Set Quà Tặng Nến Thơm Aroma Story Dành Tặng Người Yêu, Sinh Nhật, Kỷ Niệm",'Raw Data - Sản phẩm'!$B:$B,"Aroma Story - The Art Of Scent",'Raw Data - Sản phẩm'!$A:$A,">="&DATE(2026,4,9),'Raw Data - Sản phẩm'!$A:$A,"<="&DATE(2026,7,7)) -> 7613610 | G77: =SUMIFS('Raw Data - Sản phẩm'!$G:$G,'Raw Data - Sản phẩm'!$D:$D,"Set Quà Tặng Nến Thơm Aroma Story Dành Tặng Người Yêu, Sinh Nhật, Kỷ Niệm",'Raw Data - Sản phẩm'!$B:$B,"Aroma Story - The Art Of Scent",'Raw Data - Sản phẩm'!$A:$A,">="&DATE(2026,4,9),'Raw Data - Sản phẩm'!$A:$A,"<="&DATE(2026,7,7)) -> 31673819 | H77: =IF(F77=0,0,G77/F77) -> 4.1601578 | I77: =IF(F77=0,0,H77*(1-'Phí sàn theo shop'!$D$3)) -> 2.8668018 | J77: =IF(OR(B77=0,F77=0),IF(B77=0,"Chỉ TAOS có data",IF(F77=0,"Chỉ GHT có data","-")),IF(ABS(E77-I77)/MAX(E77,I77)<0.03,"Ngang nhau -> uu tien GHT",IF(E77>I77,"Don ve GHT","Don ve TAOS"))) -> Don ve GHT
A78: Tinh Dầu Thiên Nhiên Hương Trà Trắng Aroma Story Nguyên Chất – Xông Phòng, Thư Giãn, Ngủ Ngon 10ml | B78: =SUMIFS('Raw Data - Sản phẩm'!$F:$F,'Raw Data - Sản phẩm'!$D:$D,"Tinh Dầu Thiên Nhiên Hương Trà Trắng Aroma Story Nguyên Chất – Xông Phòng, Thư Giãn, Ngủ Ngon 10ml",'Raw Data - Sản phẩm'!$B:$B,"Aroma Story - Góc Hương Thơm",'Raw Data - Sản phẩm'!$A:$A,">="&DATE(2026,4,9),'Raw Data - Sản phẩm'!$A:$A,"<="&DATE(2026,7,7)) -> 375743 | C78: =SUMIFS('Raw Data - Sản phẩm'!$G:$G,'Raw Data - Sản phẩm'!$D:$D,"Tinh Dầu Thiên Nhiên Hương Trà Trắng Aroma Story Nguyên Chất – Xông Phòng, Thư Giãn, Ngủ Ngon 10ml",'Raw Data - Sản phẩm'!$B:$B,"Aroma Story - Góc Hương Thơm",'Raw Data - Sản phẩm'!$A:$A,">="&DATE(2026,4,9),'Raw Data - Sản phẩm'!$A:$A,"<="&DATE(2026,7,7)) -> 676797 | D78: =IF(B78=0,0,C78/B78) -> 1.8012232 | E78: =IF(B78=0,0,D78*(1-'Phí sàn theo shop'!$D$2)) -> 1.3753885 | F78: =SUMIFS('Raw Data - Sản phẩm'!$F:$F,'Raw Data - Sản phẩm'!$D:$D,"Tinh Dầu Thiên Nhiên Hương Trà Trắng Aroma Story Nguyên Chất – Xông Phòng, Thư Giãn, Ngủ Ngon 10ml",'Raw Data - Sản phẩm'!$B:$B,"Aroma Story - The Art Of Scent",'Raw Data - Sản phẩm'!$A:$A,">="&DATE(2026,4,9),'Raw Data - Sản phẩm'!$A:$A,"<="&DATE(2026,7,7)) -> 0 | G78: =SUMIFS('Raw Data - Sản phẩm'!$G:$G,'Raw Data - Sản phẩm'!$D:$D,"Tinh Dầu Thiên Nhiên Hương Trà Trắng Aroma Story Nguyên Chất – Xông Phòng, Thư Giãn, Ngủ Ngon 10ml",'Raw Data - Sản phẩm'!$B:$B,"Aroma Story - The Art Of Scent",'Raw Data - Sản phẩm'!$A:$A,">="&DATE(2026,4,9),'Raw Data - Sản phẩm'!$A:$A,"<="&DATE(2026,7,7)) -> 0 | H78: =IF(F78=0,0,G78/F78) -> 0 | I78: =IF(F78=0,0,H78*(1-'Phí sàn theo shop'!$D$3)) -> 0 | J78: =IF(OR(B78=0,F78=0),IF(B78=0,"Chỉ TAOS có data",IF(F78=0,"Chỉ GHT có data","-")),IF(ABS(E78-I78)/MAX(E78,I78)<0.03,"Ngang nhau -> uu tien GHT",IF(E78>I78,"Don ve GHT","Don ve TAOS"))) -> Chỉ GHT có data
A79: Tinh Dầu Thiên Nhiên Nguyên Chất Aroma Story 10ml – Xông Phòng, Thư Giãn, Ngủ Ngon | B79: =SUMIFS('Raw Data - Sản phẩm'!$F:$F,'Raw Data - Sản phẩm'!$D:$D,"Tinh Dầu Thiên Nhiên Nguyên Chất Aroma Story 10ml – Xông Phòng, Thư Giãn, Ngủ Ngon",'Raw Data - Sản phẩm'!$B:$B,"Aroma Story - Góc Hương Thơm",'Raw Data - Sản phẩm'!$A:$A,">="&DATE(2026,4,9),'Raw Data - Sản phẩm'!$A:$A,"<="&DATE(2026,7,7)) -> 30508 | C79: =SUMIFS('Raw Data - Sản phẩm'!$G:$G,'Raw Data - Sản phẩm'!$D:$D,"Tinh Dầu Thiên Nhiên Nguyên Chất Aroma Story 10ml – Xông Phòng, Thư Giãn, Ngủ Ngon",'Raw Data - Sản phẩm'!$B:$B,"Aroma Story - Góc Hương Thơm",'Raw Data - Sản phẩm'!$A:$A,">="&DATE(2026,4,9),'Raw Data - Sản phẩm'!$A:$A,"<="&DATE(2026,7,7)) -> 79000 | D79: =IF(B79=0,0,C79/B79) -> 2.5894847 | E79: =IF(B79=0,0,D79*(1-'Phí sàn theo shop'!$D$2)) -> 1.9772939 | F79: =SUMIFS('Raw Data - Sản phẩm'!$F:$F,'Raw Data - Sản phẩm'!$D:$D,"Tinh Dầu Thiên Nhiên Nguyên Chất Aroma Story 10ml – Xông Phòng, Thư Giãn, Ngủ Ngon",'Raw Data - Sản phẩm'!$B:$B,"Aroma Story - The Art Of Scent",'Raw Data - Sản phẩm'!$A:$A,">="&DATE(2026,4,9),'Raw Data - Sản phẩm'!$A:$A,"<="&DATE(2026,7,7)) -> 0 | G79: =SUMIFS('Raw Data - Sản phẩm'!$G:$G,'Raw Data - Sản phẩm'!$D:$D,"Tinh Dầu Thiên Nhiên Nguyên Chất Aroma Story 10ml – Xông Phòng, Thư Giãn, Ngủ Ngon",'Raw Data - Sản phẩm'!$B:$B,"Aroma Story - The Art Of Scent",'Raw Data - Sản phẩm'!$A:$A,">="&DATE(2026,4,9),'Raw Data - Sản phẩm'!$A:$A,"<="&DATE(2026,7,7)) -> 0 | H79: =IF(F79=0,0,G79/F79) -> 0 | I79: =IF(F79=0,0,H79*(1-'Phí sàn theo shop'!$D$3)) -> 0 | J79: =IF(OR(B79=0,F79=0),IF(B79=0,"Chỉ TAOS có data",IF(F79=0,"Chỉ GHT có data","-")),IF(ABS(E79-I79)/MAX(E79,I79)<0.03,"Ngang nhau -> uu tien GHT",IF(E79>I79,"Don ve GHT","Don ve TAOS"))) -> Chỉ GHT có data
A80: Tinh Dầu Thơm Xông Phòng Aroma Story 10ml – Hơn 20 Mùi Hương Thiên Nhiên, Thư Giãn & Dễ Ngủ | B80: =SUMIFS('Raw Data - Sản phẩm'!$F:$F,'Raw Data - Sản phẩm'!$D:$D,"Tinh Dầu Thơm Xông Phòng Aroma Story 10ml – Hơn 20 Mùi Hương Thiên Nhiên, Thư Giãn & Dễ Ngủ",'Raw Data - Sản phẩm'!$B:$B,"Aroma Story - Góc Hương Thơm",'Raw Data - Sản phẩm'!$A:$A,">="&DATE(2026,4,9),'Raw Data - Sản phẩm'!$A:$A,"<="&DATE(2026,7,7)) -> 50424 | C80: =SUMIFS('Raw Data - Sản phẩm'!$G:$G,'Raw Data - Sản phẩm'!$D:$D,"Tinh Dầu Thơm Xông Phòng Aroma Story 10ml – Hơn 20 Mùi Hương Thiên Nhiên, Thư Giãn & Dễ Ngủ",'Raw Data - Sản phẩm'!$B:$B,"Aroma Story - Góc Hương Thơm",'Raw Data - Sản phẩm'!$A:$A,">="&DATE(2026,4,9),'Raw Data - Sản phẩm'!$A:$A,"<="&DATE(2026,7,7)) -> 79000 | D80: =IF(B80=0,0,C80/B80) -> 1.5667143 | E80: =IF(B80=0,0,D80*(1-'Phí sàn theo shop'!$D$2)) -> 1.1963208 | F80: =SUMIFS('Raw Data - Sản phẩm'!$F:$F,'Raw Data - Sản phẩm'!$D:$D,"Tinh Dầu Thơm Xông Phòng Aroma Story 10ml – Hơn 20 Mùi Hương Thiên Nhiên, Thư Giãn & Dễ Ngủ",'Raw Data - Sản phẩm'!$B:$B,"Aroma Story - The Art Of Scent",'Raw Data - Sản phẩm'!$A:$A,">="&DATE(2026,4,9),'Raw Data - Sản phẩm'!$A:$A,"<="&DATE(2026,7,7)) -> 4312399 | G80: =SUMIFS('Raw Data - Sản phẩm'!$G:$G,'Raw Data - Sản phẩm'!$D:$D,"Tinh Dầu Thơm Xông Phòng Aroma Story 10ml – Hơn 20 Mùi Hương Thiên Nhiên, Thư Giãn & Dễ Ngủ",'Raw Data - Sản phẩm'!$B:$B,"Aroma Story - The Art Of Scent",'Raw Data - Sản phẩm'!$A:$A,">="&DATE(2026,4,9),'Raw Data - Sản phẩm'!$A:$A,"<="&DATE(2026,7,7)) -> 18329402 | H80: =IF(F80=0,0,G80/F80) -> 4.2503957 | I80: =IF(F80=0,0,H80*(1-'Phí sàn theo shop'!$D$3)) -> 2.9289855 | J80: =IF(OR(B80=0,F80=0),IF(B80=0,"Chỉ TAOS có data",IF(F80=0,"Chỉ GHT có data","-")),IF(ABS(E80-I80)/MAX(E80,I80)<0.03,"Ngang nhau -> uu tien GHT",IF(E80>I80,"Don ve GHT","Don ve TAOS"))) -> Don ve TAOS
A81: Tinh Dầu Khuếch Tán Aroma Story Hương Trà Trắng Và Trái Sung True Grace Size 50ml/100ml/150ml | B81: =SUMIFS('Raw Data - Sản phẩm'!$F:$F,'Raw Data - Sản phẩm'!$D:$D,"Tinh Dầu Khuếch Tán Aroma Story Hương Trà Trắng Và Trái Sung True Grace Size 50ml/100ml/150ml",'Raw Data - Sản phẩm'!$B:$B,"Aroma Story - Góc Hương Thơm",'Raw Data - Sản phẩm'!$A:$A,">="&DATE(2026,4,9),'Raw Data - Sản phẩm'!$A:$A,"<="&DATE(2026,7,7)) -> 1041386 | C81: =SUMIFS('Raw Data - Sản phẩm'!$G:$G,'Raw Data - Sản phẩm'!$D:$D,"Tinh Dầu Khuếch Tán Aroma Story Hương Trà Trắng Và Trái Sung True Grace Size 50ml/100ml/150ml",'Raw Data - Sản phẩm'!$B:$B,"Aroma Story - Góc Hương Thơm",'Raw Data - Sản phẩm'!$A:$A,">="&DATE(2026,4,9),'Raw Data - Sản phẩm'!$A:$A,"<="&DATE(2026,7,7)) -> 4811249 | D81: =IF(B81=0,0,C81/B81) -> 4.6200439 | E81: =IF(B81=0,0,D81*(1-'Phí sàn theo shop'!$D$2)) -> 3.5278001 | F81: =SUMIFS('Raw Data - Sản phẩm'!$F:$F,'Raw Data - Sản phẩm'!$D:$D,"Tinh Dầu Khuếch Tán Aroma Story Hương Trà Trắng Và Trái Sung True Grace Size 50ml/100ml/150ml",'Raw Data - Sản phẩm'!$B:$B,"Aroma Story - The Art Of Scent",'Raw Data - Sản phẩm'!$A:$A,">="&DATE(2026,4,9),'Raw Data - Sản phẩm'!$A:$A,"<="&DATE(2026,7,7)) -> 9661418 | G81: =SUMIFS('Raw Data - Sản phẩm'!$G:$G,'Raw Data - Sản phẩm'!$D:$D,"Tinh Dầu Khuếch Tán Aroma Story Hương Trà Trắng Và Trái Sung True Grace Size 50ml/100ml/150ml",'Raw Data - Sản phẩm'!$B:$B,"Aroma Story - The Art Of Scent",'Raw Data - Sản phẩm'!$A:$A,">="&DATE(2026,4,9),'Raw Data - Sản phẩm'!$A:$A,"<="&DATE(2026,7,7)) -> 48015058 | H81: =IF(F81=0,0,G81/F81) -> 4.9697734 | I81: =IF(F81=0,0,H81*(1-'Phí sàn theo shop'!$D$3)) -> 3.4247151 | J81: =IF(OR(B81=0,F81=0),IF(B81=0,"Chỉ TAOS có data",IF(F81=0,"Chỉ GHT có data","-")),IF(ABS(E81-I81)/MAX(E81,I81)<0.03,"Ngang nhau -> uu tien GHT",IF(E81>I81,"Don ve GHT","Don ve TAOS"))) -> Ngang nhau -> uu tien GHT
A82: Tinh Dầu Khuếch Tán Thơm Phòng Aroma Story Nhiều Hương Size 50ml/100ml | B82: =SUMIFS('Raw Data - Sản phẩm'!$F:$F,'Raw Data - Sản phẩm'!$D:$D,"Tinh Dầu Khuếch Tán Thơm Phòng Aroma Story Nhiều Hương Size 50ml/100ml",'Raw Data - Sản phẩm'!$B:$B,"Aroma Story - Góc Hương Thơm",'Raw Data - Sản phẩm'!$A:$A,">="&DATE(2026,4,9),'Raw Data - Sản phẩm'!$A:$A,"<="&DATE(2026,7,7)) -> 0 | C82: =SUMIFS('Raw Data - Sản phẩm'!$G:$G,'Raw Data - Sản phẩm'!$D:$D,"Tinh Dầu Khuếch Tán Thơm Phòng Aroma Story Nhiều Hương Size 50ml/100ml",'Raw Data - Sản phẩm'!$B:$B,"Aroma Story - Góc Hương Thơm",'Raw Data - Sản phẩm'!$A:$A,">="&DATE(2026,4,9),'Raw Data - Sản phẩm'!$A:$A,"<="&DATE(2026,7,7)) -> 0 | D82: =IF(B82=0,0,C82/B82) -> 0 | E82: =IF(B82=0,0,D82*(1-'Phí sàn theo shop'!$D$2)) -> 0 | F82: =SUMIFS('Raw Data - Sản phẩm'!$F:$F,'Raw Data - Sản phẩm'!$D:$D,"Tinh Dầu Khuếch Tán Thơm Phòng Aroma Story Nhiều Hương Size 50ml/100ml",'Raw Data - Sản phẩm'!$B:$B,"Aroma Story - The Art Of Scent",'Raw Data - Sản phẩm'!$A:$A,">="&DATE(2026,4,9),'Raw Data - Sản phẩm'!$A:$A,"<="&DATE(2026,7,7)) -> 35472401 | G82: =SUMIFS('Raw Data - Sản phẩm'!$G:$G,'Raw Data - Sản phẩm'!$D:$D,"Tinh Dầu Khuếch Tán Thơm Phòng Aroma Story Nhiều Hương Size 50ml/100ml",'Raw Data - Sản phẩm'!$B:$B,"Aroma Story - The Art Of Scent",'Raw Data - Sản phẩm'!$A:$A,">="&DATE(2026,4,9),'Raw Data - Sản phẩm'!$A:$A,"<="&DATE(2026,7,7)) -> 193327909 | H82: =IF(F82=0,0,G82/F82) -> 5.4500937 | I82: =IF(F82=0,0,H82*(1-'Phí sàn theo shop'!$D$3)) -> 3.7557081 | J82: =IF(OR(B82=0,F82=0),IF(B82=0,"Chỉ TAOS có data",IF(F82=0,"Chỉ GHT có data","-")),IF(ABS(E82-I82)/MAX(E82,I82)<0.03,"Ngang nhau -> uu tien GHT",IF(E82>I82,"Don ve GHT","Don ve TAOS"))) -> Chỉ TAOS có data
A83: Tinh Dầu Khuếch Tán Thơm Phòng Aroma Story Phiên Bản Đặc Biệt Size 50ml/100ml/150ml | B83: =SUMIFS('Raw Data - Sản phẩm'!$F:$F,'Raw Data - Sản phẩm'!$D:$D,"Tinh Dầu Khuếch Tán Thơm Phòng Aroma Story Phiên Bản Đặc Biệt Size 50ml/100ml/150ml",'Raw Data - Sản phẩm'!$B:$B,"Aroma Story - Góc Hương Thơm",'Raw Data - Sản phẩm'!$A:$A,">="&DATE(2026,4,9),'Raw Data - Sản phẩm'!$A:$A,"<="&DATE(2026,7,7)) -> 1619852 | C83: =SUMIFS('Raw Data - Sản phẩm'!$G:$G,'Raw Data - Sản phẩm'!$D:$D,"Tinh Dầu Khuếch Tán Thơm Phòng Aroma Story Phiên Bản Đặc Biệt Size 50ml/100ml/150ml",'Raw Data - Sản phẩm'!$B:$B,"Aroma Story - Góc Hương Thơm",'Raw Data - Sản phẩm'!$A:$A,">="&DATE(2026,4,9),'Raw Data - Sản phẩm'!$A:$A,"<="&DATE(2026,7,7)) -> 7741105 | D83: =IF(B83=0,0,C83/B83) -> 4.7788965 | E83: =IF(B83=0,0,D83*(1-'Phí sàn theo shop'!$D$2)) -> 3.6490977 | F83: =SUMIFS('Raw Data - Sản phẩm'!$F:$F,'Raw Data - Sản phẩm'!$D:$D,"Tinh Dầu Khuếch Tán Thơm Phòng Aroma Story Phiên Bản Đặc Biệt Size 50ml/100ml/150ml",'Raw Data - Sản phẩm'!$B:$B,"Aroma Story - The Art Of Scent",'Raw Data - Sản phẩm'!$A:$A,">="&DATE(2026,4,9),'Raw Data - Sản phẩm'!$A:$A,"<="&DATE(2026,7,7)) -> 0 | G83: =SUMIFS('Raw Data - Sản phẩm'!$G:$G,'Raw Data - Sản phẩm'!$D:$D,"Tinh Dầu Khuếch Tán Thơm Phòng Aroma Story Phiên Bản Đặc Biệt Size 50ml/100ml/150ml",'Raw Data - Sản phẩm'!$B:$B,"Aroma Story - The Art Of Scent",'Raw Data - Sản phẩm'!$A:$A,">="&DATE(2026,4,9),'Raw Data - Sản phẩm'!$A:$A,"<="&DATE(2026,7,7)) -> 0 | H83: =IF(F83=0,0,G83/F83) -> 0 | I83: =IF(F83=0,0,H83*(1-'Phí sàn theo shop'!$D$3)) -> 0 | J83: =IF(OR(B83=0,F83=0),IF(B83=0,"Chỉ TAOS có data",IF(F83=0,"Chỉ GHT có data","-")),IF(ABS(E83-I83)/MAX(E83,I83)<0.03,"Ngang nhau -> uu tien GHT",IF(E83>I83,"Don ve GHT","Don ve TAOS"))) -> Chỉ GHT có data
A84: Tinh Dầu Nước Hoa Thơm Phòng Cắm Que Khuếch Tán Aroma Story - Size 50ml/100ml | B84: =SUMIFS('Raw Data - Sản phẩm'!$F:$F,'Raw Data - Sản phẩm'!$D:$D,"Tinh Dầu Nước Hoa Thơm Phòng Cắm Que Khuếch Tán Aroma Story - Size 50ml/100ml",'Raw Data - Sản phẩm'!$B:$B,"Aroma Story - Góc Hương Thơm",'Raw Data - Sản phẩm'!$A:$A,">="&DATE(2026,4,9),'Raw Data - Sản phẩm'!$A:$A,"<="&DATE(2026,7,7)) -> 39685741 | C84: =SUMIFS('Raw Data - Sản phẩm'!$G:$G,'Raw Data - Sản phẩm'!$D:$D,"Tinh Dầu Nước Hoa Thơm Phòng Cắm Que Khuếch Tán Aroma Story - Size 50ml/100ml",'Raw Data - Sản phẩm'!$B:$B,"Aroma Story - Góc Hương Thơm",'Raw Data - Sản phẩm'!$A:$A,">="&DATE(2026,4,9),'Raw Data - Sản phẩm'!$A:$A,"<="&DATE(2026,7,7)) -> 210222329 | D84: =IF(B84=0,0,C84/B84) -> 5.2971754 | E84: =IF(B84=0,0,D84*(1-'Phí sàn theo shop'!$D$2)) -> 4.0448481 | F84: =SUMIFS('Raw Data - Sản phẩm'!$F:$F,'Raw Data - Sản phẩm'!$D:$D,"Tinh Dầu Nước Hoa Thơm Phòng Cắm Que Khuếch Tán Aroma Story - Size 50ml/100ml",'Raw Data - Sản phẩm'!$B:$B,"Aroma Story - The Art Of Scent",'Raw Data - Sản phẩm'!$A:$A,">="&DATE(2026,4,9),'Raw Data - Sản phẩm'!$A:$A,"<="&DATE(2026,7,7)) -> 111244 | G84: =SUMIFS('Raw Data - Sản phẩm'!$G:$G,'Raw Data - Sản phẩm'!$D:$D,"Tinh Dầu Nước Hoa Thơm Phòng Cắm Que Khuếch Tán Aroma Story - Size 50ml/100ml",'Raw Data - Sản phẩm'!$B:$B,"Aroma Story - The Art Of Scent",'Raw Data - Sản phẩm'!$A:$A,">="&DATE(2026,4,9),'Raw Data - Sản phẩm'!$A:$A,"<="&DATE(2026,7,7)) -> 0 | H84: =IF(F84=0,0,G84/F84) -> 0 | I84: =IF(F84=0,0,H84*(1-'Phí sàn theo shop'!$D$3)) -> 0 | J84: =IF(OR(B84=0,F84=0),IF(B84=0,"Chỉ TAOS có data",IF(F84=0,"Chỉ GHT có data","-")),IF(ABS(E84-I84)/MAX(E84,I84)<0.03,"Ngang nhau -> uu tien GHT",IF(E84>I84,"Don ve GHT","Don ve TAOS"))) -> Don ve GHT
A85: Xịt Thơm Phòng, Quần Áo, Ô Tô Aroma Story – Khử Mùi, Lưu Hương Lâu, Nhiều Hương Size 200ml | B85: =SUMIFS('Raw Data - Sản phẩm'!$F:$F,'Raw Data - Sản phẩm'!$D:$D,"Xịt Thơm Phòng, Quần Áo, Ô Tô Aroma Story – Khử Mùi, Lưu Hương Lâu, Nhiều Hương Size 200ml",'Raw Data - Sản phẩm'!$B:$B,"Aroma Story - Góc Hương Thơm",'Raw Data - Sản phẩm'!$A:$A,">="&DATE(2026,4,9),'Raw Data - Sản phẩm'!$A:$A,"<="&DATE(2026,7,7)) -> 2208087 | C85: =SUMIFS('Raw Data - Sản phẩm'!$G:$G,'Raw Data - Sản phẩm'!$D:$D,"Xịt Thơm Phòng, Quần Áo, Ô Tô Aroma Story – Khử Mùi, Lưu Hương Lâu, Nhiều Hương Size 200ml",'Raw Data - Sản phẩm'!$B:$B,"Aroma Story - Góc Hương Thơm",'Raw Data - Sản phẩm'!$A:$A,">="&DATE(2026,4,9),'Raw Data - Sản phẩm'!$A:$A,"<="&DATE(2026,7,7)) -> 8233750 | D85: =IF(B85=0,0,C85/B85) -> 3.7289065 | E85: =IF(B85=0,0,D85*(1-'Phí sàn theo shop'!$D$2)) -> 2.8473402 | F85: =SUMIFS('Raw Data - Sản phẩm'!$F:$F,'Raw Data - Sản phẩm'!$D:$D,"Xịt Thơm Phòng, Quần Áo, Ô Tô Aroma Story – Khử Mùi, Lưu Hương Lâu, Nhiều Hương Size 200ml",'Raw Data - Sản phẩm'!$B:$B,"Aroma Story - The Art Of Scent",'Raw Data - Sản phẩm'!$A:$A,">="&DATE(2026,4,9),'Raw Data - Sản phẩm'!$A:$A,"<="&DATE(2026,7,7)) -> 207270 | G85: =SUMIFS('Raw Data - Sản phẩm'!$G:$G,'Raw Data - Sản phẩm'!$D:$D,"Xịt Thơm Phòng, Quần Áo, Ô Tô Aroma Story – Khử Mùi, Lưu Hương Lâu, Nhiều Hương Size 200ml",'Raw Data - Sản phẩm'!$B:$B,"Aroma Story - The Art Of Scent",'Raw Data - Sản phẩm'!$A:$A,">="&DATE(2026,4,9),'Raw Data - Sản phẩm'!$A:$A,"<="&DATE(2026,7,7)) -> 446200 | H85: =IF(F85=0,0,G85/F85) -> 2.1527476 | I85: =IF(F85=0,0,H85*(1-'Phí sàn theo shop'!$D$3)) -> 1.4834775 | J85: =IF(OR(B85=0,F85=0),IF(B85=0,"Chỉ TAOS có data",IF(F85=0,"Chỉ GHT có data","-")),IF(ABS(E85-I85)/MAX(E85,I85)<0.03,"Ngang nhau -> uu tien GHT",IF(E85>I85,"Don ve GHT","Don ve TAOS"))) -> Don ve GHT
A86: TONG - TAT CA ADS (blended) | B86: =SUMIFS('Raw Data - Sản phẩm'!$F:$F,'Raw Data - Sản phẩm'!$B:$B,"Aroma Story - Góc Hương Thơm",'Raw Data - Sản phẩm'!$A:$A,">="&DATE(2026,4,9),'Raw Data - Sản phẩm'!$A:$A,"<="&DATE(2026,7,7)) -> 82350449 | C86: =SUMIFS('Raw Data - Sản phẩm'!$G:$G,'Raw Data - Sản phẩm'!$B:$B,"Aroma Story - Góc Hương Thơm",'Raw Data - Sản phẩm'!$A:$A,">="&DATE(2026,4,9),'Raw Data - Sản phẩm'!$A:$A,"<="&DATE(2026,7,7)) -> 391727184 | D86: =IF(B86=0,0,C86/B86) -> 4.7568312 | E86: =IF(B86=0,0,D86*(1-'Phí sàn theo shop'!$D$2)) -> 3.6322489 | F86: =SUMIFS('Raw Data - Sản phẩm'!$F:$F,'Raw Data - Sản phẩm'!$B:$B,"Aroma Story - The Art Of Scent",'Raw Data - Sản phẩm'!$A:$A,">="&DATE(2026,4,9),'Raw Data - Sản phẩm'!$A:$A,"<="&DATE(2026,7,7)) -> 104411710 | G86: =SUMIFS('Raw Data - Sản phẩm'!$G:$G,'Raw Data - Sản phẩm'!$B:$B,"Aroma Story - The Art Of Scent",'Raw Data - Sản phẩm'!$A:$A,">="&DATE(2026,4,9),'Raw Data - Sản phẩm'!$A:$A,"<="&DATE(2026,7,7)) -> 518083300 | H86: =IF(F86=0,0,G86/F86) -> 4.9619272 | I86: =IF(F86=0,0,H86*(1-'Phí sàn theo shop'!$D$3)) -> 3.4193082

Sheet Phí sàn theo shop
A1: Shop | B1: Tổng phí đã ghi nhận (90 ngày) | C1: Doanh thu đã ghi nhận (90 ngày) | D1: Phí sàn %
A2: Aroma Story - Góc Hương Thơm | B2: 1.0772851e+08 | C2: 455677063 | D2: =B2/C2 -> 0.23641416
A3: Aroma Story - The Art Of Scent | B3: 1.977037e+08 | C3: 635925877 | D3: =B3/C3 -> 0.3108911
A6: Phí sàn dùng CHUNG cho cả 3 khung 7/30/90 ngày — đây là đặc tính cấu trúc phí của nền tảng theo từng shop (Mall vs không Mall), không biến động theo tuần, và khung 7 ngày không đủ đơn ĐÃ GHI NHẬN PHÍ để tính riêng (phí Sapo ghi nhận sau khi đơn hoàn thành, đơn mới trong 7 ngày phần lớn chưa hoàn thành).

Sheet Raw Data - Nhóm SP
A1: Ngày | B1: Shop | C1: Nhóm sản phẩm | D1: Campaign gốc | E1: Chi phí | F1: Doanh số
A2: 46113 | B2: Aroma Story - Góc Hương Thơm | C2: Nến Thơm | D2: Nến Other | E2: 87530 | F2: 371100
A3: 46113 | B3: Aroma Story - Góc Hương Thơm | C3: Set Quà / Combo | D3: Set Quà Other 01 | E3: 15709 | F3: 0
A4: 46113 | B4: Aroma Story - Góc Hương Thơm | C4: Nước Hoa | D4: Nước hoa 10ml | E4: 27900 | F4: 128000
A5: 46113 | B5: Aroma Story - Góc Hương Thơm | C5: Nến Thơm | D5: Nến - Tặng túi, đế, thiệp | E5: 50302 | F5: 0
A6: 46113 | B6: Aroma Story - Góc Hương Thơm | C6: Tinh Dầu 10ml (Nguyên Chất) | D6: 10ml Other | E6: 25 | F6: 0
A7: 46113 | B7: Aroma Story - Góc Hương Thơm | C7: Nước Hoa | D7: [HOT DEAL 10ml 39K - 100ml 149K] Nước Hoa Tóc Aroma Story Giúp Thơm Mượt Tóc, Tránh Bết, Khử Mùi, Size 10ml/100ml [20] | E7: 15595 | F7: 165750
A8: 46113 | B8: Aroma Story - Góc Hương Thơm | C8: Tinh Dầu Khuếch Tán | D8: [23 Hương]Tinh Dầu Nước Hoa Thơm Phòng Cắm Que Khuếch Tán Aroma Story Nhiều Hương, Size 50ml/100ml [95] | E8: 656110 | F8: 3616343
A9: 46113 | B9: Aroma Story - Góc Hương Thơm | C9: Nến Thơm | D9: Nến Thơm Quà Tặng Cao Cấp, Tự Nhiên Aroma Story Giúp Thư Giãn, Dễ Ngủ Với Nhiều Hương, Size Đa Dạng [77] | E9: 400000 | F9: 2233024
A10: 46113 | B10: Aroma Story - Góc Hương Thơm | C10: Nến Thơm | D10: [HOT] Set Quà Tặng Nến Thơm Aroma Story Dành Tặng Người Yêu, Sinh Nhật, Kỷ Niệm [50] | E10: 25869 | F10: 99000
A11: 46113 | B11: Aroma Story - Góc Hương Thơm | C11: Xịt Thơm Phòng | D11: Xịt Thơm Phòng, Quần Áo Aroma Story Giúp Khử Mùi, Làm Thơm Không Gian Nhiều Hương Size 200ml [17] | E11: 13764 | F11: 0
A12: 46113 | B12: Aroma Story - Góc Hương Thơm | C12: Tinh Dầu Khuếch Tán | D12: [NEW ARRIVAL] Tinh Dầu Khuếch Tán Thơm Phòng Aroma Story Phiên Bản Đặc Biệt Size 50ml/100ml/150ml [14] | E12: 80769 | F12: 453920
A13: 46113 | B13: Aroma Story - Góc Hương Thơm | C13: Nước Hoa | D13: Xịt Thơm Phòng, Quấn Áo Trà Trắng & Sung Aroma Story, Nước Hoa Xịt Thơm Size 200ml [8] | E13: 18378 | F13: 0
... A2737: 46210 | B2737: Aroma Story - The Art Of Scent | C2737: Nến Thơm | D2737: SET Quà "NẾN THƠM KHẮC TÊN THEO YÊU CẦU" Aroma Story, Dùng Làm Quà Tặng Dịp Đặc Biệt, Sinh Nhật, 20/10, Tốt Nghiệp,... [2] | E2737: 267283 | F2737: 1096040

Sheet Raw Data - Sản phẩm
A1: Ngày | B1: Shop | C1: Nhóm sản phẩm | D1: Sản phẩm (đã ghép) | E1: Campaign gốc | F1: Chi phí | G1: Doanh số
A2: 46113 | B2: Aroma Story - Góc Hương Thơm | C2: Nước Hoa | D2: Nước Hoa Tóc Aroma Story Giúp Thơm Mượt Tóc, Tránh Bết, Khử Mùi, Size 10ml/100ml | E2: [HOT DEAL 10ml 39K - 100ml 149K] Nước Hoa Tóc Aroma Story Giúp Thơm Mượt Tóc, Tránh Bết, Khử Mùi, Size 10ml/100ml [20] | F2: 15595 | G2: 165750
A3: 46113 | B3: Aroma Story - Góc Hương Thơm | C3: Tinh Dầu Khuếch Tán | D3: Tinh Dầu Nước Hoa Thơm Phòng Cắm Que Khuếch Tán Aroma Story - Size 50ml/100ml | E3: [23 Hương]Tinh Dầu Nước Hoa Thơm Phòng Cắm Que Khuếch Tán Aroma Story Nhiều Hương, Size 50ml/100ml [95] | F3: 656110 | G3: 3616343
A4: 46113 | B4: Aroma Story - Góc Hương Thơm | C4: Nến Thơm | D4: Nến Thơm Cao Cấp Thư Giãn Dễ Ngủ Với Nhiều Hương, Cốc Thủy Tinh & Xi Măng Size 200g | E4: Nến Thơm Quà Tặng Cao Cấp, Tự Nhiên Aroma Story Giúp Thư Giãn, Dễ Ngủ Với Nhiều Hương, Size Đa Dạng [77] | F4: 400000 | G4: 2233024
A5: 46113 | B5: Aroma Story - Góc Hương Thơm | C5: Nến Thơm | D5: Set Quà Tặng Nến Thơm Aroma Story Dành Tặng Người Yêu, Sinh Nhật, Kỷ Niệm | E5: [HOT] Set Quà Tặng Nến Thơm Aroma Story Dành Tặng Người Yêu, Sinh Nhật, Kỷ Niệm [50] | F5: 25869 | G5: 99000
A6: 46113 | B6: Aroma Story - Góc Hương Thơm | C6: Xịt Thơm Phòng | D6: Xịt Thơm Phòng, Quần Áo, Ô Tô Aroma Story – Khử Mùi, Lưu Hương Lâu, Nhiều Hương Size 200ml | E6: Xịt Thơm Phòng, Quần Áo Aroma Story Giúp Khử Mùi, Làm Thơm Không Gian Nhiều Hương Size 200ml [17] | F6: 13764 | G6: 0
A7: 46113 | B7: Aroma Story - Góc Hương Thơm | C7: Tinh Dầu Khuếch Tán | D7: Tinh Dầu Khuếch Tán Thơm Phòng Aroma Story Phiên Bản Đặc Biệt Size 50ml/100ml/150ml | E7: [NEW ARRIVAL] Tinh Dầu Khuếch Tán Thơm Phòng Aroma Story Phiên Bản Đặc Biệt Size 50ml/100ml/150ml [14] | F7: 80769 | G7: 453920
A8: 46113 | B8: Aroma Story - Góc Hương Thơm | C8: Nước Hoa | D8: Xịt Thơm Phòng, Quấn Áo Trà Trắng & Sung Aroma Story, Nước Hoa Xịt Thơm Size 200ml | E8: Xịt Thơm Phòng, Quấn Áo Trà Trắng & Sung Aroma Story, Nước Hoa Xịt Thơm Size 200ml [8] | F8: 18378 | G8: 0
A9: 46113 | B9: Aroma Story - Góc Hương Thơm | C9: Khác | D9: Bộ Sản Phẩm Tinh Dầu Cà Phê & Lọ Tán Hương Aroma Story – Hương Thơm Tự Nhiên, Giúp Tập Trung & Thư Giãn | E9: Bộ Sản Phẩm Tinh Dầu Cà Phê & Lọ Tán Hương Aroma Story – Hương Thơm Tự Nhiên, Giúp Tập Trung & Thư Giãn [2] | F9: 6536 | G9: 0
A10: 46114 | B10: Aroma Story - Góc Hương Thơm | C10: Nước Hoa | D10: Nước Hoa Tóc Aroma Story Giúp Thơm Mượt Tóc, Tránh Bết, Khử Mùi, Size 10ml/100ml | E10: [HOT DEAL 10ml 39K - 100ml 149K] Nước Hoa Tóc Aroma Story Giúp Thơm Mượt Tóc, Tránh Bết, Khử Mùi, Size 10ml/100ml [20] | F10: 9562 | G10: 0
A11: 46114 | B11: Aroma Story - Góc Hương Thơm | C11: Tinh Dầu Khuếch Tán | D11: Tinh Dầu Nước Hoa Thơm Phòng Cắm Que Khuếch Tán Aroma Story - Size 50ml/100ml | E11: [23 Hương]Tinh Dầu Nước Hoa Thơm Phòng Cắm Que Khuếch Tán Aroma Story Nhiều Hương, Size 50ml/100ml [95] | F11: 658177 | G11: 3763113
A12: 46114 | B12: Aroma Story - Góc Hương Thơm | C12: Nến Thơm | D12: Set Quà Tặng Nến Thơm Aroma Story Dành Tặng Người Yêu, Sinh Nhật, Kỷ Niệm | E12: [HOT] Set Quà Tặng Nến Thơm Aroma Story Dành Tặng Người Yêu, Sinh Nhật, Kỷ Niệm [50] | F12: 90232 | G12: 625849
A13: 46114 | B13: Aroma Story - Góc Hương Thơm | C13: Nến Thơm | D13: Nến Thơm Cao Cấp Thư Giãn Dễ Ngủ Với Nhiều Hương, Cốc Thủy Tinh & Xi Măng Size 200g | E13: Nến Thơm Quà Tặng Cao Cấp, Tự Nhiên Aroma Story Giúp Thư Giãn, Dễ Ngủ Với Nhiều Hương, Size Đa Dạng [77] | F13: 433443 | G13: 1812914
... A1392: 46210 | B1392: Aroma Story - The Art Of Scent | C1392: Nến Thơm | D1392: SET Quà "NẾN THƠM KHẮC TÊN THEO YÊU CẦU" Aroma Story, Dùng Làm Quà Tặng Dịp Đặc Biệt, Sinh Nhật, 20/10, Tốt Nghiệp,... | E1392: SET Quà "NẾN THƠM KHẮC TÊN THEO YÊU CẦU" Aroma Story, Dùng Làm Quà Tặng Dịp Đặc Biệt, Sinh Nhật, 20/10, Tốt Nghiệp,... [2] | F1392: 267283 | G1392: 1096040

Sheet Ghi chu ghep SP
A1: Ten da ghep (canonical) | B1: Ten goc - Goc Huong Thom | C1: Ten goc - The Art Of Scent | D1: Do giong (0-1)
A2: Set Quà Tặng Nến Thơm Aroma Story Dành Tặng Người Yêu, Sinh Nhật, Kỷ Niệm | B2: Set Quà Tặng Nến Thơm Aroma Story Dành Tặng Người Yêu, Sinh Nhật, Kỷ Niệm | C2: Set Quà Tặng Nến Thơm Cho Người Yêu, Kỷ Niệm, Sinh Nhật, Tốt Nghiệp Aroma Story | D2: 0.67
A3: Nến Thơm Cao Cấp Thư Giãn Dễ Ngủ Với Nhiều Hương, Cốc Thủy Tinh & Xi Măng Size 200g | B3: Nến Thơm Quà Tặng Cao Cấp, Tự Nhiên Aroma Story Giúp Thư Giãn, Dễ Ngủ Với Nhiều Hương, Size Đa Dạng | C3: Nến Thơm Cao Cấp Thư Giãn Dễ Ngủ Với Nhiều Hương, Cốc Thủy Tinh & Xi Măng Size 200g | D3: 0.62
A4: Nến Thơm Thiên Nhiên Bộ Sưu Tập Little Things Aroma Story Size 50g | B4: Nến Thơm Thủy Tinh Cao Cấp, Tự Nhiên Giúp Dễ Ngủ, Thư Giãn Aroma Story Nhiều Hương Size 50g/100g | C4: Nến Thơm Thiên Nhiên Bộ Sưu Tập Little Things Aroma Story Size 50g | D4: 0.58
A5: Nến Thơm Cao Cấp Aroma Story Nhiều Hương Cốc Gốm Sứ, Xi Măng, Thủy Tinh Size 100g - 250g | B5: Nến Thơm Trang Trí Cao Cấp Giúp Thư Giãn Dễ Ngủ Với Nhiều Hương, Cốc Thủy Tinh & Xi Măng Nhiều Size | C5: Nến Thơm Cao Cấp Aroma Story Nhiều Hương Cốc Gốm Sứ, Xi Măng, Thủy Tinh Size 100g - 250g | D5: 0.53
A6: Set Quà Nến Thơm Aroma Story Kèm Phụ Kiện - Quà Sinh Nhật, Kỷ Niệm, Tặng Người Yêu, Bạn Bè | B6: Set Quà Nến Thơm Aroma Story Kèm Phụ Kiện - Quà Sinh Nhật, Kỷ Niệm, Tặng Người Yêu, Bạn Bè | C6: Set Quà Tặng Nến Thơm Aroma Story Kèm Phụ Kiện – Quà Tặng Các Dịp Lễ, Sinh Nhật, Kỷ Niệm, Giáng Sinh | D6: 0.75
A7: Tinh Dầu Khuếch Tán Aroma Story Hương Trà Trắng Và Trái Sung True Grace Size 50ml/100ml/150ml | B7: Tinh Dầu Khuếch Tán Aroma Story Hương Trà Trắng Và Trái Sung True Grace Size 50ml/100ml/150ml | C7: Tinh Dầu Khuếch Tán Thơm Phòng Aroma Story Dạng Cắm Que Phiên Bản Đặc Biệt Size 50ml/100ml/150ml | D7: 0.66
A8: Tinh Dầu Khuếch Tán Thơm Phòng Aroma Story Phiên Bản Đặc Biệt Size 50ml/100ml/150ml | B8: Tinh Dầu Khuếch Tán Thơm Phòng Aroma Story Phiên Bản Đặc Biệt Size 50ml/100ml/150ml | C8: Tinh Dầu Khuếch Tán Thơm Phòng Aroma Story Dạng Cắm Que Phiên Bản Đặc Biệt Size 50ml/100ml/150ml [19 | D8: 0.91
A9: Tinh Dầu Nước Hoa Thơm Phòng Cắm Que Khuếch Tán Aroma Story - Size 50ml/100ml | B9: Tinh Dầu Nước Hoa Thơm Phòng Cắm Que Khuếch Tán Aroma Story Nhiều Hương, Size 50ml/100ml | C9: Tinh Dầu Nước Hoa Thơm Phòng Cắm Que Khuếch Tán Aroma Story - Size 50ml/100ml | D9: 0.92
A10: Tinh Dầu Thơm Xông Phòng Aroma Story 10ml – Hơn 20 Mùi Hương Thiên Nhiên, Thư Giãn & Dễ Ngủ | B10: Tinh Dầu Thiên Nhiên Hương Chanh Aroma Story Nguyên Chất 10ml – Xông Phòng, Thư Giãn, Ngủ Ngon | C10: Tinh Dầu Thơm Xông Phòng Aroma Story 10ml – Hơn 20 Mùi Hương Thiên Nhiên, Thư Giãn & Dễ Ngủ | D10: 0.61
A11: Xịt Thơm Phòng, Quần Áo, Ô Tô Aroma Story – Khử Mùi, Lưu Hương Lâu, Nhiều Hương Size 200ml | B11: Xịt Thơm Phòng, Quần Áo Aroma Story Giúp Khử Mùi, Làm Thơm Không Gian Nhiều Hương Size 200ml | C11: Xịt Thơm Phòng, Quần Áo, Ô Tô Aroma Story – Khử Mùi, Lưu Hương Lâu, Nhiều Hương Size 200ml | D11: 0.84
